"","id","record","species","Lineage_Name","parasiteGenus","order","family","genus","Pr","Jetz.species","match","tip"
"59","Acridotheres tristis_GRW04",5,"Sturnus tristis","GRW04","Plasmodium","Passeriformes","Sturnidae","Sturnus",1,"Acridotheres_tristis","no","Acridotheres tristis"
"63","Acridotheres tristis_SGS1",2,"Sturnus tristis","SGS1","Plasmodium","Passeriformes","Sturnidae","Sturnus",1,"Acridotheres_tristis","no","Acridotheres tristis"
"73","Acrocephalus agricola_GRW04",2,"Acrocephalus agricola","GRW04","Plasmodium","Passeriformes","Sylviidae","Acrocephalus",1,"Acrocephalus_agricola","yes","Acrocephalus agricola"
"74","Acrocephalus agricola_GRW11",2,"Acrocephalus agricola","GRW11","Plasmodium","Passeriformes","Sylviidae","Acrocephalus",1,"Acrocephalus_agricola","yes","Acrocephalus agricola"
"77","Acrocephalus agricola_SGS1",3,"Acrocephalus agricola","SGS1","Plasmodium","Passeriformes","Sylviidae","Acrocephalus",1,"Acrocephalus_agricola","yes","Acrocephalus agricola"
"83","Acrocephalus arundinaceus_GRW04",17,"Acrocephalus arundinaceus","GRW04","Plasmodium","Passeriformes","Sylviidae","Acrocephalus",1,"Acrocephalus_arundinaceus","yes","Acrocephalus arundinaceus"
"90","Acrocephalus arundinaceus_GRW11",2,"Acrocephalus arundinaceus","GRW11","Plasmodium","Passeriformes","Sylviidae","Acrocephalus",1,"Acrocephalus_arundinaceus","yes","Acrocephalus arundinaceus"
"105","Acrocephalus arundinaceus_SGS1",5,"Acrocephalus arundinaceus","SGS1","Plasmodium","Passeriformes","Sylviidae","Acrocephalus",1,"Acrocephalus_arundinaceus","yes","Acrocephalus arundinaceus"
"112","Acrocephalus baeticatus_GRW04",1,"Acrocephalus baeticatus","GRW04","Plasmodium","Passeriformes","Sylviidae","Acrocephalus",1,"Acrocephalus_baeticatus","yes","Acrocephalus baeticatus"
"125","Acrocephalus gracilirostris_GRW04",1,"Acrocephalus gracilirostris","GRW04","Plasmodium","Passeriformes","Sylviidae","Acrocephalus",1,"Acrocephalus_gracilirostris","yes","Acrocephalus gracilirostris"
"131","Acrocephalus melanopogon_GRW11",1,"Acrocephalus melanopogon","GRW11","Plasmodium","Passeriformes","Sylviidae","Acrocephalus",1,"Acrocephalus_melanopogon","yes","Acrocephalus melanopogon"
"133","Acrocephalus mendanae_GRW04",1,"Acrocephalus mendanae","GRW04","Plasmodium","Passeriformes","Sylviidae","Acrocephalus",1,"Acrocephalus_mendanae","yes","Acrocephalus mendanae"
"141","Acrocephalus paludicola_GRW04",1,"Acrocephalus paludicola","GRW04","Plasmodium","Passeriformes","Sylviidae","Acrocephalus",1,"Acrocephalus_paludicola","yes","Acrocephalus paludicola"
"158","Acrocephalus palustris_SGS1",2,"Acrocephalus palustris","SGS1","Plasmodium","Passeriformes","Sylviidae","Acrocephalus",1,"Acrocephalus_palustris","yes","Acrocephalus palustris"
"165","Acrocephalus schoenobaenus_GRW04",2,"Acrocephalus schoenobaenus","GRW04","Plasmodium","Passeriformes","Sylviidae","Acrocephalus",1,"Acrocephalus_schoenobaenus","yes","Acrocephalus schoenobaenus"
"174","Acrocephalus schoenobaenus_SGS1",2,"Acrocephalus schoenobaenus","SGS1","Plasmodium","Passeriformes","Sylviidae","Acrocephalus",1,"Acrocephalus_schoenobaenus","yes","Acrocephalus schoenobaenus"
"186","Acrocephalus scirpaceus_GRW04",3,"Acrocephalus scirpaceus","GRW04","Plasmodium","Passeriformes","Sylviidae","Acrocephalus",1,"Acrocephalus_scirpaceus","yes","Acrocephalus scirpaceus"
"189","Acrocephalus scirpaceus_GRW11",2,"Acrocephalus scirpaceus","GRW11","Plasmodium","Passeriformes","Sylviidae","Acrocephalus",1,"Acrocephalus_scirpaceus","yes","Acrocephalus scirpaceus"
"200","Acrocephalus scirpaceus_SGS1",5,"Acrocephalus scirpaceus","SGS1","Plasmodium","Passeriformes","Sylviidae","Acrocephalus",1,"Acrocephalus_scirpaceus","yes","Acrocephalus scirpaceus"
"299","Alauda arvensis_GRW11",1,"Alauda arvensis","GRW11","Plasmodium","Passeriformes","Alaudidae","Alauda",1,"Alauda_arvensis","yes","Alauda arvensis"
"301","Alauda arvensis_SGS1",2,"Alauda arvensis","SGS1","Plasmodium","Passeriformes","Alaudidae","Alauda",1,"Alauda_arvensis","yes","Alauda arvensis"
"345","Alectoris graeca_SGS1",1,"Alectoris graeca","SGS1","Plasmodium","Galliformes","Phasianidae","Alectoris",1,NA,NA,"Alectoris graeca"
"365","Alethe fuelleborni_GRW04",1,"Alethe fuelleborni","GRW04","Plasmodium","Passeriformes","Turdidae","Alethe",1,"Alethe_fuelleborni","yes","Alethe fuelleborni"
"392","Amazilia chionogaster_SGS1",1,"Amazilia chionogaster","SGS1","Plasmodium","Trochiliformes","Trochilidae","Amazilia",1,"Amazilia_chionogaster","yes","Amazilia chionogaster"
"453","Anas acuta_SGS1",1,"Anas acuta","SGS1","Plasmodium","Anseriformes","Anatidae","Anas",1,"Anas_acuta","yes","Anas acuta"
"604","Anser anser_GRW04",1,"Anser anser","GRW04","Plasmodium","Anseriformes","Anatidae","Anser",1,NA,NA,"Anser anser"
"845","Athene noctua_GRW11",1,"Athene noctua","GRW11","Plasmodium","Strigiformes","Strigidae","Athene",1,"Athene_noctua","yes","Athene noctua"
"847","Athene noctua_SGS1",3,"Athene noctua","SGS1","Plasmodium","Strigiformes","Strigidae","Athene",1,"Athene_noctua","yes","Athene noctua"
"1024","Bernieria cinereiceps_GRW04",2,"Xanthomixis cinereiceps","GRW04","Plasmodium","Passeriformes","Pycnonotidae","Xanthomixis",1,"Bernieria_cinereiceps","no","Bernieria cinereiceps"
"1037","Bernieria zosterops_GRW04",2,"Xanthomixis zosterops","GRW04","Plasmodium","Passeriformes","Pycnonotidae","Xanthomixis",1,"Bernieria_zosterops","no","Bernieria zosterops"
"1063","Botaurus stellaris_SGS1",1,"Botaurus stellaris","SGS1","Plasmodium","Ciconiiformes","Ardeidae","Botaurus",1,"Botaurus_stellaris","yes","Botaurus stellaris"
"1091","Bubo scandiaca_GRW11",1,"Bubo scandiacus","GRW11","Plasmodium","Strigiformes","Strigidae","Bubo",1,NA,NA,"Bubo scandiaca"
"1092","Bubo scandiaca_SGS1",1,"Bubo scandiacus","SGS1","Plasmodium","Strigiformes","Strigidae","Bubo",1,NA,NA,"Bubo scandiaca"
"1110","Bubulcus ibis_GRW04",1,"Bubulcus ibis","GRW04","Plasmodium","Ciconiiformes","Ardeidae","Bubulcus",1,"Bubulcus_ibis","yes","Bubulcus ibis"
"1113","Bubulcus ibis_SGS1",1,"Bubulcus ibis","SGS1","Plasmodium","Ciconiiformes","Ardeidae","Bubulcus",1,"Bubulcus_ibis","yes","Bubulcus ibis"
"1319","Carduelis cannabina_SGS1",1,"Carduelis cannabina","SGS1","Plasmodium","Passeriformes","Fringillidae","Carduelis",1,"Carduelis_cannabina","yes","Carduelis cannabina"
"1326","Carduelis carduelis_GRW11",2,"Carduelis carduelis","GRW11","Plasmodium","Passeriformes","Fringillidae","Carduelis",1,"Carduelis_carduelis","yes","Carduelis carduelis"
"1329","Carduelis carduelis_SGS1",5,"Carduelis carduelis","SGS1","Plasmodium","Passeriformes","Fringillidae","Carduelis",1,"Carduelis_carduelis","yes","Carduelis carduelis"
"1343","Carduelis chloris_SGS1",5,"Carduelis chloris","SGS1","Plasmodium","Passeriformes","Fringillidae","Carduelis",1,"Carduelis_chloris","yes","Carduelis chloris"
"1384","Carduelis spinus_SGS1",1,"Carduelis spinus","SGS1","Plasmodium","Passeriformes","Fringillidae","Carduelis",1,"Carduelis_spinus","yes","Carduelis spinus"
"1410","Carpodacus erythrinus_SGS1",4,"Carpodacus erythrinus","SGS1","Plasmodium","Passeriformes","Fringillidae","Carpodacus",1,"Carpodacus_erythrinus","yes","Carpodacus erythrinus"
"1420","Carpodacus mexicanus_GRW04",2,"Carpodacus mexicanus","GRW04","Plasmodium","Passeriformes","Fringillidae","Carpodacus",1,"Carpodacus_mexicanus","yes","Carpodacus mexicanus"
"1605","Cercomela fusca_GRW04",1,"Cercomela fusca","GRW04","Plasmodium","Passeriformes","Muscicapidae","Cercomela",1,"Cercomela_fusca","yes","Cercomela fusca"
"1609","Cercotrichas podobe_SGS1",1,"Cercotrichas podobe","SGS1","Plasmodium","Passeriformes","Muscicapidae","Cercotrichas",1,"Cercotrichas_podobe","yes","Cercotrichas podobe"
"1614","Certhia brachydactyla_SGS1",5,"Certhia brachydactyla","SGS1","Plasmodium","Passeriformes","Certhiidae","Certhia",1,"Certhia_brachydactyla","yes","Certhia brachydactyla"
"1618","Certhia familiaris_SGS1",1,"Certhia familiaris","SGS1","Plasmodium","Passeriformes","Certhiidae","Certhia",1,"Certhia_familiaris","yes","Certhia familiaris"
"1621","Cettia cetti_GRW11",3,"Cettia cetti","GRW11","Plasmodium","Passeriformes","Sylviidae","Cettia",1,"Cettia_cetti","yes","Cettia cetti"
"1622","Cettia cetti_SGS1",9,"Cettia cetti","SGS1","Plasmodium","Passeriformes","Sylviidae","Cettia",1,"Cettia_cetti","yes","Cettia cetti"
"1625","Cettia diphone_GRW04",1,"Cettia diphone","GRW04","Plasmodium","Passeriformes","Sylviidae","Cettia",1,NA,NA,"Cettia diphone"
"1742","Chrysolophus amherstiae_GRW11",1,"Chrysolophus amherstiae","GRW11","Plasmodium","Galliformes","Phasianidae","Chrysolophus",1,"Chrysolophus_amherstiae","yes","Chrysolophus amherstiae"
"1744","Chrysomma sinense_GRW04",1,"Chrysomma sinense","GRW04","Plasmodium","Passeriformes","Timaliidae","Chrysomma",1,"Chrysomma_sinense","yes","Chrysomma sinense"
"1751","Ciconia ciconia_SGS1",1,"Ciconia ciconia","SGS1","Plasmodium","Ciconiiformes","Ciconiidae","Ciconia",1,"Ciconia_ciconia","yes","Ciconia ciconia"
"1875","Coccothraustes coccothraustes_SGS1",2,"Coccothraustes coccothraustes","SGS1","Plasmodium","Passeriformes","Fringillidae","Coccothraustes",1,"Coccothraustes_coccothraustes","yes","Coccothraustes coccothraustes"
"1979","Colibri coruscans_SGS1",1,"Colibri coruscans","SGS1","Plasmodium","Trochiliformes","Trochilidae","Colibri",1,"Colibri_coruscans","yes","Colibri coruscans"
"2022","Columba livia_SGS1",1,"Columba livia","SGS1","Plasmodium","Columbiformes","Columbidae","Columba",1,"Columba_livia","yes","Columba livia"
"2080","Conirostrum cinereum_SGS1",1,"Conirostrum cinereum","SGS1","Plasmodium","Passeriformes","Fringillidae","Conirostrum",1,"Conirostrum_cinereum","yes","Conirostrum cinereum"
"2086","Conirostrum tamarugense_GRW04",1,"Conirostrum tamarugense","GRW04","Plasmodium","Passeriformes","Fringillidae","Conirostrum",1,"Conirostrum_tamarugense","yes","Conirostrum tamarugense"
"2124","Copsychus albospecularis_GRW04",2,"Copsychus albospecularis","GRW04","Plasmodium","Passeriformes","Muscicapidae","Copsychus",1,"Copsychus_albospecularis","yes","Copsychus albospecularis"
"2183","Corvus corax_GRW11",1,"Corvus corax","GRW11","Plasmodium","Passeriformes","Corvidae","Corvus",1,NA,NA,"Corvus corax"
"2188","Corvus corax_SGS1",1,"Corvus corax","SGS1","Plasmodium","Passeriformes","Corvidae","Corvus",1,NA,NA,"Corvus corax"
"2218","Corvus corone_GRW11",2,"Corvus corone","GRW11","Plasmodium","Passeriformes","Corvidae","Corvus",1,"Corvus_corone","yes","Corvus corone"
"2221","Corvus corone_SGS1",3,"Corvus corone","SGS1","Plasmodium","Passeriformes","Corvidae","Corvus",1,"Corvus_corone","yes","Corvus corone"
"2238","Corvus macrorhynchos_GRW11",1,"Corvus macrorhynchos","GRW11","Plasmodium","Passeriformes","Corvidae","Corvus",1,"Corvus_macrorhynchos","yes","Corvus macrorhynchos"
"2240","Corvus macrorhynchos_SGS1",1,"Corvus macrorhynchos","SGS1","Plasmodium","Passeriformes","Corvidae","Corvus",1,"Corvus_macrorhynchos","yes","Corvus macrorhynchos"
"2249","Corvus monedula_SGS1",1,"Corvus monedula","SGS1","Plasmodium","Passeriformes","Corvidae","Corvus",1,NA,NA,"Corvus monedula"
"2322","Cossypha caffra_GRW04",1,"Cossypha caffra","GRW04","Plasmodium","Passeriformes","Muscicapidae","Cossypha",1,"Cossypha_caffra","yes","Cossypha caffra"
"2455","Cyanopica cyanus_SGS1",3,"Cyanopica cooki","SGS1","Plasmodium","Passeriformes","Corvidae","Cyanopica",1,"Cyanopica_cyanus","no","Cyanopica cyanus"
"2517","Delichon dasypus_GRW11",1,"Delichon dasypus","GRW11","Plasmodium","Passeriformes","Hirundinidae","Delichon",1,"Delichon_dasypus","yes","Delichon dasypus"
"2532","Delichon urbicum_GRW04",3,"Delichon urbicum","GRW04","Plasmodium","Passeriformes","Hirundinidae","Delichon",1,"Delichon_urbicum","yes","Delichon urbicum"
"2534","Delichon urbicum_GRW11",3,"Delichon urbicum","GRW11","Plasmodium","Passeriformes","Hirundinidae","Delichon",1,"Delichon_urbicum","yes","Delichon urbicum"
"2541","Delichon urbicum_SGS1",5,"Delichon urbicum","SGS1","Plasmodium","Passeriformes","Hirundinidae","Delichon",1,"Delichon_urbicum","yes","Delichon urbicum"
"2900","Dumetella carolinensis_GRW04",1,"Dumetella carolinensis","GRW04","Plasmodium","Passeriformes","Mimidae","Dumetella",1,"Dumetella_carolinensis","yes","Dumetella carolinensis"
"3000","Emberiza cia_SGS1",3,"Emberiza cia","SGS1","Plasmodium","Passeriformes","Fringillidae","Emberiza",1,"Emberiza_cia","yes","Emberiza cia"
"3007","Emberiza cirlus_GRW11",2,"Emberiza cirlus","GRW11","Plasmodium","Passeriformes","Fringillidae","Emberiza",1,"Emberiza_cirlus","yes","Emberiza cirlus"
"3010","Emberiza cirlus_SGS1",3,"Emberiza cirlus","SGS1","Plasmodium","Passeriformes","Fringillidae","Emberiza",1,"Emberiza_cirlus","yes","Emberiza cirlus"
"3017","Emberiza citrinella_GRW11",1,"Emberiza citrinella","GRW11","Plasmodium","Passeriformes","Fringillidae","Emberiza",1,"Emberiza_citrinella","yes","Emberiza citrinella"
"3019","Emberiza citrinella_SGS1",2,"Emberiza citrinella","SGS1","Plasmodium","Passeriformes","Fringillidae","Emberiza",1,"Emberiza_citrinella","yes","Emberiza citrinella"
"3027","Emberiza elegans_SGS1",1,"Emberiza elegans","SGS1","Plasmodium","Passeriformes","Fringillidae","Emberiza",1,"Emberiza_elegans","yes","Emberiza elegans"
"3048","Emberiza godlewskii_SGS1",2,"Emberiza godlewskii","SGS1","Plasmodium","Passeriformes","Fringillidae","Emberiza",1,"Emberiza_godlewskii","yes","Emberiza godlewskii"
"3051","Emberiza hortulana_SGS1",1,"Emberiza hortulana","SGS1","Plasmodium","Passeriformes","Fringillidae","Emberiza",1,"Emberiza_hortulana","yes","Emberiza hortulana"
"3083","Emberiza tahapisi_SGS1",1,"Emberiza tahapisi","SGS1","Plasmodium","Passeriformes","Fringillidae","Emberiza",1,"Emberiza_tahapisi","yes","Emberiza tahapisi"
"3155","Erithacus rubecula_GRW11",3,"Erithacus rubecula","GRW11","Plasmodium","Passeriformes","Turdidae","Erithacus",1,"Erithacus_rubecula","yes","Erithacus rubecula"
"3168","Erithacus rubecula_SGS1",6,"Erithacus rubecula","SGS1","Plasmodium","Passeriformes","Turdidae","Erithacus",1,"Erithacus_rubecula","yes","Erithacus rubecula"
"3183","Erythropygia coryphaeus_SGS1",1,"Cercotrichas coryphoeus","SGS1","Plasmodium","Passeriformes","Muscicapidae","Cercotrichas",1,"Erythropygia_coryphaeus","no","Erythropygia coryphaeus"
"3186","Erythropygia galactotes_SGS1",3,"Cercotrichas galactotes","SGS1","Plasmodium","Passeriformes","Muscicapidae","Cercotrichas",1,"Erythropygia_galactotes","no","Erythropygia galactotes"
"3196","Estrilda astrild_SGS1",1,"Estrilda astrild","SGS1","Plasmodium","Passeriformes","Estrildidae","Estrilda",1,"Estrilda_astrild","yes","Estrilda astrild"
"3225","Eumyias albicaudatus_GRW04",1,"Eumyias albicaudatus","GRW04","Plasmodium","Passeriformes","Muscicapidae","Eumyias",1,NA,NA,"Eumyias albicaudatus"
"3317","Euplectes orix_SGS1",1,"Euplectes orix","SGS1","Plasmodium","Passeriformes","Ploceidae","Euplectes",1,"Euplectes_orix","yes","Euplectes orix"
"3396","Ficedula albicollis_GRW04",1,"Ficedula albicollis","GRW04","Plasmodium","Passeriformes","Muscicapidae","Ficedula",1,"Ficedula_albicollis","yes","Ficedula albicollis"
"3400","Ficedula albicollis_GRW11",4,"Ficedula albicollis","GRW11","Plasmodium","Passeriformes","Muscicapidae","Ficedula",1,"Ficedula_albicollis","yes","Ficedula albicollis"
"3410","Ficedula albicollis_SGS1",7,"Ficedula albicollis","SGS1","Plasmodium","Passeriformes","Muscicapidae","Ficedula",1,"Ficedula_albicollis","yes","Ficedula albicollis"
"3431","Ficedula hypoleuca_GRW11",1,"Ficedula hypoleuca","GRW11","Plasmodium","Passeriformes","Muscicapidae","Ficedula",1,"Ficedula_hypoleuca","yes","Ficedula hypoleuca"
"3443","Ficedula hypoleuca_SGS1",7,"Ficedula hypoleuca","SGS1","Plasmodium","Passeriformes","Muscicapidae","Ficedula",1,"Ficedula_hypoleuca","yes","Ficedula hypoleuca"
"3510","Foudia eminentissima_GRW04",2,"Foudia eminentissima","GRW04","Plasmodium","Passeriformes","Ploceidae","Foudia",1,"Foudia_eminentissima","yes","Foudia eminentissima"
"3512","Foudia flavicans_GRW04",1,"Foudia flavicans","GRW04","Plasmodium","Passeriformes","Ploceidae","Foudia",1,"Foudia_flavicans","yes","Foudia flavicans"
"3519","Foudia madagascariensis_GRW04",8,"Foudia madagascariensis","GRW04","Plasmodium","Passeriformes","Ploceidae","Foudia",1,"Foudia_madagascariensis","yes","Foudia madagascariensis"
"3540","Foudia omissa_GRW04",3,"Foudia omissa","GRW04","Plasmodium","Passeriformes","Ploceidae","Foudia",1,"Foudia_omissa","yes","Foudia omissa"
"3559","Fratercula arctica_SGS1",1,"Fratercula arctica","SGS1","Plasmodium","Charadriiformes","Alcidae","Fratercula",1,NA,NA,"Fratercula arctica"
"3599","Fringilla coelebs_GRW11",6,"Fringilla coelebs","GRW11","Plasmodium","Passeriformes","Fringillidae","Fringilla",1,"Fringilla_coelebs","yes","Fringilla coelebs"
"3606","Fringilla coelebs_SGS1",14,"Fringilla coelebs","SGS1","Plasmodium","Passeriformes","Fringillidae","Fringilla",1,"Fringilla_coelebs","yes","Fringilla coelebs"
"3649","Gallinago gallinago_SGS1",1,"Gallinago gallinago","SGS1","Plasmodium","Charadriiformes","Scolopacidae","Gallinago",1,"Gallinago_gallinago","yes","Gallinago gallinago"
"3709","Gallus gallus_SGS1",1,"Gallus gallus","SGS1","Plasmodium","Galliformes","Phasianidae","Gallus",1,"Gallus_gallus","yes","Gallus gallus"
"3737","Garrulus glandarius_GRW11",1,"Garrulus glandarius","GRW11","Plasmodium","Passeriformes","Corvidae","Garrulus",1,"Garrulus_glandarius","yes","Garrulus glandarius"
"3738","Garrulus glandarius_SGS1",4,"Garrulus glandarius","SGS1","Plasmodium","Passeriformes","Corvidae","Garrulus",1,"Garrulus_glandarius","yes","Garrulus glandarius"
"3870","Grus japonensis_SGS1",1,"Grus japonensis","SGS1","Plasmodium","Gruiformes","Gruidae","Grus",1,NA,NA,"Grus japonensis"
"3873","Grus leucogeranus_SGS1",1,"Grus leucogeranus","SGS1","Plasmodium","Gruiformes","Gruidae","Grus",1,NA,NA,"Grus leucogeranus"
"3877","Grus nigricollis_SGS1",2,"Grus nigricollis","SGS1","Plasmodium","Gruiformes","Gruidae","Grus",1,"Grus_nigricollis","yes","Grus nigricollis"
"3889","Grus vipio_SGS1",1,"Grus vipio","SGS1","Plasmodium","Gruiformes","Gruidae","Grus",1,NA,NA,"Grus vipio"
"3911","Gymnorhina tibicen_SGS1",1,"Cracticus tibicen","SGS1","Plasmodium","Passeriformes","Cracticidae","Cracticus",1,"Gymnorhina_tibicen","no","Gymnorhina tibicen"
"3985","Hemignathus flavus_GRW04",1,"Hemignathus flavus","GRW04","Plasmodium","Passeriformes","Fringillidae","Hemignathus",1,"Hemignathus_flavus","yes","Hemignathus flavus"
"3986","Hemignathus virens_GRW04",2,"Hemignathus virens","GRW04","Plasmodium","Passeriformes","Fringillidae","Hemignathus",1,"Hemignathus_virens","yes","Hemignathus virens"
"4050","Himantopus himantopus_SGS1",1,"Himantopus himantopus","SGS1","Plasmodium","Charadriiformes","Recurvirostridae","Himantopus",1,"Himantopus_himantopus","yes","Himantopus himantopus"
"4051","Himatione sanguinea_GRW04",1,"Himatione sanguinea","GRW04","Plasmodium","Passeriformes","Fringillidae","Himatione",1,"Himatione_sanguinea","yes","Himatione sanguinea"
"4072","Hippolais pallida_GRW04",1,"Hippolais pallida","GRW04","Plasmodium","Passeriformes","Sylviidae","Hippolais",1,"Hippolais_pallida","yes","Hippolais pallida"
"4088","Hippolais polyglotta_SGS1",3,"Hippolais polyglotta","SGS1","Plasmodium","Passeriformes","Sylviidae","Hippolais",1,"Hippolais_polyglotta","yes","Hippolais polyglotta"
"4098","Hirundo rustica_GRW04",1,"Hirundo rustica","GRW04","Plasmodium","Passeriformes","Hirundinidae","Hirundo",1,"Hirundo_rustica","yes","Hirundo rustica"
"4128","Humblotia flavirostris_GRW04",2,"Humblotia flavirostris","GRW04","Plasmodium","Passeriformes","Muscicapidae","DUMMY_GENUS_2",1,"Humblotia_flavirostris","yes","Humblotia flavirostris"
"4226","Hypsipetes madagascariensis_GRW04",3,"Hypsipetes madagascariensis","GRW04","Plasmodium","Passeriformes","Pycnonotidae","Hypsipetes",1,"Hypsipetes_madagascariensis","yes","Hypsipetes madagascariensis"
"4312","Ixos amaurotis_GRW04",1,"Microscelis amaurotis","GRW04","Plasmodium","Passeriformes","Pycnonotidae","Microscelis",1,NA,NA,"Ixos amaurotis"
"4319","Ixos amaurotis_SGS1",2,"Hypsipetes amaurotis","SGS1","Plasmodium","Passeriformes","Pycnonotidae","Hypsipetes",1,"Ixos_amaurotis","no","Ixos amaurotis"
"4487","Lamprotornis hildebrandti_SGS1",1,"Lamprotornis hildebrandti","SGS1","Plasmodium","Passeriformes","Sturnidae","Lamprotornis",1,NA,NA,"Lamprotornis hildebrandti"
"4494","Lamprotornis superbus_SGS1",2,"Lamprotornis superbus","SGS1","Plasmodium","Passeriformes","Sturnidae","Lamprotornis",1,NA,NA,"Lamprotornis superbus"
"4511","Lanius bucephalus_LZFUS01",1,"Lanius bucephalus","LZFUS01","Plasmodium","Passeriformes","Laniidae","Lanius",1,"Lanius_bucephalus","yes","Lanius bucephalus"
"4514","Lanius collaris_SGS1",1,"Lanius collaris","SGS1","Plasmodium","Passeriformes","Laniidae","Lanius",1,"Lanius_collaris","yes","Lanius collaris"
"4519","Lanius collurio_GRW11",1,"Lanius collurio","GRW11","Plasmodium","Passeriformes","Laniidae","Lanius",1,"Lanius_collurio","yes","Lanius collurio"
"4520","Lanius collurio_LZFUS01",2,"Lanius collurio","LZFUS01","Plasmodium","Passeriformes","Laniidae","Lanius",1,"Lanius_collurio","yes","Lanius collurio"
"4531","Lanius cristatus_LZFUS01",1,"Lanius cristatus","LZFUS01","Plasmodium","Passeriformes","Laniidae","Lanius",1,"Lanius_cristatus","yes","Lanius cristatus"
"4550","Larosterna inca_SGS1",1,"Larosterna inca","SGS1","Plasmodium","Charadriiformes","Laridae","Larosterna",1,"Larosterna_inca","yes","Larosterna inca"
"4556","Larus argentatus_SGS1",2,"Larus argentatus","SGS1","Plasmodium","Charadriiformes","Laridae","Larus",1,"Larus_argentatus","yes","Larus argentatus"
"4560","Larus cachinnans_SGS1",1,"Larus cachinnans","SGS1","Plasmodium","Charadriiformes","Laridae","Larus",1,"Larus_cachinnans","yes","Larus cachinnans"
"4570","Larus ridibundus_SGS1",1,"Chroicocephalus ridibundus","SGS1","Plasmodium","Charadriiformes","Laridae","Chroicocephalus",1,NA,NA,"Larus ridibundus"
"4705","Locustella luscinioides_GRW04",1,"Locustella luscinioides","GRW04","Plasmodium","Passeriformes","Sylviidae","Locustella",1,"Locustella_luscinioides","yes","Locustella luscinioides"
"4722","Lonchura malabarica_GRW04",1,"Lonchura malabarica","GRW04","Plasmodium","Passeriformes","Estrildidae","Lonchura",1,"Lonchura_malabarica","yes","Lonchura malabarica"
"4723","Lonchura malacca_GRW04",1,"Lonchura malacca","GRW04","Plasmodium","Passeriformes","Estrildidae","Lonchura",1,"Lonchura_malacca","yes","Lonchura malacca"
"4726","Lonchura punctulata_GRW04",1,"Lonchura punctulata","GRW04","Plasmodium","Passeriformes","Estrildidae","Lonchura",1,"Lonchura_punctulata","yes","Lonchura punctulata"
"4730","Lophophorus impejanus_GRW11",1,"Lophophorus impejanus","GRW11","Plasmodium","Galliformes","Phasianidae","Lophophorus",1,"Lophophorus_impejanus","yes","Lophophorus impejanus"
"4731","Lophophorus impejanus_SGS1",1,"Lophophorus impejanus","SGS1","Plasmodium","Galliformes","Phasianidae","Lophophorus",1,"Lophophorus_impejanus","yes","Lophophorus impejanus"
"4742","Loxia curvirostra_SGS1",1,"Loxia curvirostra","SGS1","Plasmodium","Passeriformes","Fringillidae","Loxia",1,"Loxia_curvirostra","yes","Loxia curvirostra"
"4772","Loxigilla violacea_GRW04",1,"Loxigilla violacea","GRW04","Plasmodium","Passeriformes","Fringillidae","Loxigilla",1,"Loxigilla_violacea","yes","Loxigilla violacea"
"4774","Luscinia luscinia_GRW11",1,"Luscinia luscinia","GRW11","Plasmodium","Passeriformes","Turdidae","Luscinia",1,"Luscinia_luscinia","yes","Luscinia luscinia"
"4780","Luscinia luscinia_SGS1",1,"Luscinia luscinia","SGS1","Plasmodium","Passeriformes","Turdidae","Luscinia",1,"Luscinia_luscinia","yes","Luscinia luscinia"
"4807","Luscinia svecica_GRW04",5,"Luscinia svecica","GRW04","Plasmodium","Passeriformes","Turdidae","Luscinia",1,"Luscinia_svecica","yes","Luscinia svecica"
"4809","Luscinia svecica_GRW11",3,"Luscinia svecica","GRW11","Plasmodium","Passeriformes","Turdidae","Luscinia",1,"Luscinia_svecica","yes","Luscinia svecica"
"4831","Luscinia svecica_SGS1",7,"Luscinia svecica","SGS1","Plasmodium","Passeriformes","Turdidae","Luscinia",1,"Luscinia_svecica","yes","Luscinia svecica"
"4885","Marmaronetta angustirostris_SGS1",1,"Marmaronetta angustirostris","SGS1","Plasmodium","Anseriformes","Anatidae","Marmaronetta",1,"Marmaronetta_angustirostris","yes","Marmaronetta angustirostris"
"4900","Megalurus palustris_GRW04",1,"Megalurus palustris","GRW04","Plasmodium","Passeriformes","Sylviidae","Megalurus",1,"Megalurus_palustris","yes","Megalurus palustris"
"4962","Melopsittacus undulatus_GRW04",1,"Melopsittacus undulatus","GRW04","Plasmodium","Psittaciformes","Psittacidae","Melopsittacus",1,"Melopsittacus_undulatus","yes","Melopsittacus undulatus"
"5084","Miliaria calandra_SGS1",2,"Emberiza calandra","SGS1","Plasmodium","Passeriformes","Fringillidae","Emberiza",1,"Miliaria_calandra","no","Miliaria calandra"
"5100","Mimus gilvus_GRW04",1,"Mimus gilvus","GRW04","Plasmodium","Passeriformes","Mimidae","Mimus",1,"Mimus_gilvus","yes","Mimus gilvus"
"5192","Monticola saxatilis_SGS1",1,"Monticola saxatilis","SGS1","Plasmodium","Passeriformes","Turdidae","Monticola",1,"Monticola_saxatilis","yes","Monticola saxatilis"
"5193","Monticola sharpei_GRW04",2,"Monticola sharpei","GRW04","Plasmodium","Passeriformes","Turdidae","Monticola",1,"Monticola_sharpei","yes","Monticola sharpei"
"5195","Monticola solitarius_GRW04",1,"Monticola solitarius","GRW04","Plasmodium","Passeriformes","Turdidae","Monticola",1,NA,NA,"Monticola solitarius"
"5214","Motacilla flava_SGS1",2,"Motacilla flava","SGS1","Plasmodium","Passeriformes","Motacillidae","Motacilla",1,"Motacilla_flava","yes","Motacilla flava"
"5252","Muscicapa striata_SGS1",4,"Muscicapa striata","SGS1","Plasmodium","Passeriformes","Muscicapidae","Muscicapa",1,"Muscicapa_striata","yes","Muscicapa striata"
"5512","Nectarinia famosa_GRW04",1,"Nectarinia famosa","GRW04","Plasmodium","Passeriformes","Nectariniidae","Nectarinia",1,"Nectarinia_famosa","yes","Nectarinia famosa"
"5526","Nectarinia humbloti_GRW04",2,"Nectarinia humbloti","GRW04","Plasmodium","Passeriformes","Nectariniidae","Nectarinia",1,"Nectarinia_humbloti","yes","Nectarinia humbloti"
"5557","Nectarinia notata_GRW04",1,"Nectarinia notata","GRW04","Plasmodium","Passeriformes","Nectariniidae","Nectarinia",1,"Nectarinia_notata","yes","Nectarinia notata"
"5639","Nectarinia sovimanga_GRW04",1,"Cinnyris souimanga","GRW04","Plasmodium","Passeriformes","Nectariniidae","Cinnyris",1,"Nectarinia_sovimanga","no","Nectarinia sovimanga"
"5677","Neochmia temporalis_GRW04",1,"Neochmia temporalis","GRW04","Plasmodium","Passeriformes","Estrildidae","Neochmia",1,"Neochmia_temporalis","yes","Neochmia temporalis"
"5722","Nesillas typica_GRW04",2,"Nesillas typica","GRW04","Plasmodium","Passeriformes","Sylviidae","Nesillas",1,"Nesillas_typica","yes","Nesillas typica"
"5781","Notiomystis cincta_GRW04",1,"Notiomystis cincta","GRW04","Plasmodium","Passeriformes","Meliphagidae","Notiomystis",1,"Notiomystis_cincta","yes","Notiomystis cincta"
"5839","Oenanthe oenanthe_SGS1",1,"Oenanthe oenanthe","SGS1","Plasmodium","Passeriformes","Muscicapidae","Oenanthe",1,"Oenanthe_oenanthe","yes","Oenanthe oenanthe"
"5866","Orthotomus cuculatus_GRW04",1,"Orthotomus cucullatus","GRW04","Plasmodium","Passeriformes","Cisticolidae","Orthotomus",1,"Orthotomus_cuculatus","no","Orthotomus cuculatus"
"5868","Orthotomus sutorius_GRW04",1,"Orthotomus sutorius","GRW04","Plasmodium","Passeriformes","Cisticolidae","Orthotomus",1,"Orthotomus_sutorius","yes","Orthotomus sutorius"
"5923","Pachyptila belcheri_SGS1",1,"Pachyptila belcheri","SGS1","Plasmodium","Procellariiformes","Procellariidae","Pachyptila",1,"Pachyptila_belcheri","yes","Pachyptila belcheri"
"5949","Paradoxornis webbianus_GRW04",1,"Paradoxornis webbianus","GRW04","Plasmodium","Passeriformes","Muscicapidae","Paradoxornis",1,"Paradoxornis_webbianus","yes","Paradoxornis webbianus"
"5984","Parus ater_GRW11",3,"Periparus ater","GRW11","Plasmodium","Passeriformes","Paridae","Periparus",1,"Parus_ater","no","Parus ater"
"6000","Parus ater_SGS1",12,"Periparus ater","SGS1","Plasmodium","Passeriformes","Paridae","Periparus",1,"Parus_ater","no","Parus ater"
"6032","Parus atricapillus_SGS1",1,"Poecile atricapilla","SGS1","Plasmodium","Passeriformes","Paridae","Poecile",1,"Parus_atricapillus","no","Parus atricapillus"
"6056","Parus caeruleus_GRW04",1,"Cyanistes caeruleus","GRW04","Plasmodium","Passeriformes","Paridae","Cyanistes",1,"Parus_caeruleus","no","Parus caeruleus"
"6058","Parus caeruleus_GRW11",19,"Cyanistes caeruleus","GRW11","Plasmodium","Passeriformes","Paridae","Cyanistes",1,"Parus_caeruleus","no","Parus caeruleus"
"6092","Parus caeruleus_SGS1",29,"Cyanistes caeruleus","SGS1","Plasmodium","Passeriformes","Paridae","Cyanistes",1,"Parus_caeruleus","no","Parus caeruleus"
"6123","Parus cristatus_SGS1",2,"Lophophanes cristatus","SGS1","Plasmodium","Passeriformes","Paridae","Lophophanes",1,"Parus_cristatus","no","Parus cristatus"
"6145","Parus gambeli_SGS1",1,"Poecile gambeli","SGS1","Plasmodium","Passeriformes","Paridae","Poecile",1,"Parus_gambeli","no","Parus gambeli"
"6172","Parus major_GRW04",1,"Parus major","GRW04","Plasmodium","Passeriformes","Paridae","Parus",1,"Parus_major","yes","Parus major"
"6174","Parus major_GRW11",11,"Parus major","GRW11","Plasmodium","Passeriformes","Paridae","Parus",1,"Parus_major","yes","Parus major"
"6240","Parus major_SGS1",44,"Parus major","SGS1","Plasmodium","Passeriformes","Paridae","Parus",1,"Parus_major","yes","Parus major"
"6268","Parus montanus_SGS1",1,"Poecile montanus","SGS1","Plasmodium","Passeriformes","Paridae","Poecile",1,"Parus_montanus","no","Parus montanus"
"6277","Parus palustris_GRW11",1,"Parus palustris","GRW11","Plasmodium","Passeriformes","Paridae","Parus",1,"Parus_palustris","yes","Parus palustris"
"6291","Parus palustris_SGS1",3,"Parus palustris","SGS1","Plasmodium","Passeriformes","Paridae","Parus",1,"Parus_palustris","yes","Parus palustris"
"6300","Parus teneriffae_GRW11",4,"Cyanistes teneriffae","GRW11","Plasmodium","Passeriformes","Paridae","Cyanistes",1,"Parus_teneriffae","no","Parus teneriffae"
"6316","Parus teneriffae_SGS1",9,"Cyanistes teneriffae","SGS1","Plasmodium","Passeriformes","Paridae","Cyanistes",1,"Parus_teneriffae","no","Parus teneriffae"
"6318","Parus varius_SGS1",1,"Poecile varius","SGS1","Plasmodium","Passeriformes","Paridae","Poecile",1,"Parus_varius","no","Parus varius"
"6326","Parus venustulus_SGS1",1,"Parus venustulus","SGS1","Plasmodium","Passeriformes","Paridae","Parus",1,"Parus_venustulus","yes","Parus venustulus"
"6349","Passer domesticus_GRW04",24,"Passer domesticus","GRW04","Plasmodium","Passeriformes","Passeridae","Passer",1,"Passer_domesticus","yes","Passer domesticus"
"6351","Passer domesticus_GRW11",73,"Passer domesticus","GRW11","Plasmodium","Passeriformes","Passeridae","Passer",1,"Passer_domesticus","yes","Passer domesticus"
"6397","Passer domesticus_SGS1",98,"Passer domesticus","SGS1","Plasmodium","Passeriformes","Passeridae","Passer",1,"Passer_domesticus","yes","Passer domesticus"
"6412","Passer griseus_SGS1",1,"Passer griseus","SGS1","Plasmodium","Passeriformes","Passeridae","Passer",1,"Passer_griseus","yes","Passer griseus"
"6415","Passer hispaniolensis_GRW11",5,"Passer hispaniolensis","GRW11","Plasmodium","Passeriformes","Passeridae","Passer",1,"Passer_hispaniolensis","yes","Passer hispaniolensis"
"6429","Passer hispaniolensis_SGS1",5,"Passer hispaniolensis","SGS1","Plasmodium","Passeriformes","Passeridae","Passer",1,"Passer_hispaniolensis","yes","Passer hispaniolensis"
"6430","Passer luteus_SGS1",1,"Passer luteus","SGS1","Plasmodium","Passeriformes","Passeridae","Passer",1,"Passer_luteus","yes","Passer luteus"
"6435","Passer melanurus_SGS1",1,"Passer melanurus","SGS1","Plasmodium","Passeriformes","Passeridae","Passer",1,"Passer_melanurus","yes","Passer melanurus"
"6441","Passer montanus_GRW04",2,"Passer montanus","GRW04","Plasmodium","Passeriformes","Passeridae","Passer",1,"Passer_montanus","yes","Passer montanus"
"6442","Passer montanus_GRW11",6,"Passer montanus","GRW11","Plasmodium","Passeriformes","Passeridae","Passer",1,"Passer_montanus","yes","Passer montanus"
"6451","Passer montanus_SGS1",11,"Passer montanus","SGS1","Plasmodium","Passeriformes","Passeridae","Passer",1,"Passer_montanus","yes","Passer montanus"
"6455","Passer rufocinctus_SGS1",1,"Passer rufocinctus","SGS1","Plasmodium","Passeriformes","Passeridae","Passer",1,"Passer_rufocinctus","yes","Passer rufocinctus"
"6529","Perdix perdix_SGS1",1,"Perdix perdix","SGS1","Plasmodium","Galliformes","Phasianidae","Perdix",1,"Perdix_perdix","yes","Perdix perdix"
"6548","Petrochelidon pyrrhonota_GRW04",1,"Petrochelidon pyrrhonota","GRW04","Plasmodium","Passeriformes","Hirundinidae","Petrochelidon",1,"Petrochelidon_pyrrhonota","yes","Petrochelidon pyrrhonota"
"6637","Philepitta castanea_GRW04",2,"Philepitta castanea","GRW04","Plasmodium","Passeriformes","Philepittidae","Philepitta",1,"Philepitta_castanea","yes","Philepitta castanea"
"6646","Philomachus pugnax_GRW11",1,"Philomachus pugnax","GRW11","Plasmodium","Charadriiformes","Scolopacidae","Philomachus",1,"Philomachus_pugnax","yes","Philomachus pugnax"
"6677","Phleocryptes melanops_SGS1",1,"Phleocryptes melanops","SGS1","Plasmodium","Passeriformes","Furnariidae","Phleocryptes",1,"Phleocryptes_melanops","yes","Phleocryptes melanops"
"6685","Phoenicopterus roseus_GRW11",1,"Phoenicopterus roseus","GRW11","Plasmodium","Phoenicopteriformes","Phoenicopteridae","Phoenicopterus",1,NA,NA,"Phoenicopterus roseus"
"6686","Phoenicopterus roseus_SGS1",1,"Phoenicopterus roseus","SGS1","Plasmodium","Phoenicopteriformes","Phoenicopteridae","Phoenicopterus",1,NA,NA,"Phoenicopterus roseus"
"6690","Phoenicurus moussieri_SGS1",3,"Phoenicurus moussieri","SGS1","Plasmodium","Passeriformes","Muscicapidae","Phoenicurus",1,"Phoenicurus_moussieri","yes","Phoenicurus moussieri"
"6691","Phoenicurus ochruros_GRW11",2,"Phoenicurus ochruros","GRW11","Plasmodium","Passeriformes","Muscicapidae","Phoenicurus",1,"Phoenicurus_ochruros","yes","Phoenicurus ochruros"
"6692","Phoenicurus ochruros_SGS1",4,"Phoenicurus ochruros","SGS1","Plasmodium","Passeriformes","Muscicapidae","Phoenicurus",1,"Phoenicurus_ochruros","yes","Phoenicurus ochruros"
"6696","Phoenicurus phoenicurus_GRW04",1,"Phoenicurus phoenicurus","GRW04","Plasmodium","Passeriformes","Muscicapidae","Phoenicurus",1,"Phoenicurus_phoenicurus","yes","Phoenicurus phoenicurus"
"6704","Phoenicurus phoenicurus_SGS1",3,"Phoenicurus phoenicurus","SGS1","Plasmodium","Passeriformes","Muscicapidae","Phoenicurus",1,"Phoenicurus_phoenicurus","yes","Phoenicurus phoenicurus"
"6799","Phylloscopus collybita_PHCOL01",1,"Phylloscopus collybita","PHCOL01","Plasmodium","Passeriformes","Sylviidae","Phylloscopus",1,"Phylloscopus_collybita","yes","Phylloscopus collybita"
"6884","Phylloscopus trochilus_SGS1",1,"Phylloscopus trochilus","SGS1","Plasmodium","Passeriformes","Sylviidae","Phylloscopus",1,"Phylloscopus_trochilus","yes","Phylloscopus trochilus"
"6921","Pica pica_SGS1",2,"Pica pica","SGS1","Plasmodium","Passeriformes","Corvidae","Pica",1,"Pica_pica","yes","Pica pica"
"7116","Ploceus capensis_SGS1",1,"Ploceus capensis","SGS1","Plasmodium","Passeriformes","Ploceidae","Ploceus",1,"Ploceus_capensis","yes","Ploceus capensis"
"7157","Ploceus melanocephalus_SGS1",2,"Ploceus melanocephalus","SGS1","Plasmodium","Passeriformes","Ploceidae","Ploceus",1,"Ploceus_melanocephalus","yes","Ploceus melanocephalus"
"7166","Ploceus nelicourvi_GRW04",2,"Ploceus nelicourvi","GRW04","Plasmodium","Passeriformes","Ploceidae","Ploceus",1,"Ploceus_nelicourvi","yes","Ploceus nelicourvi"
"7227","Ploceus velatus_LZFUS01",1,"Ploceus velatus","LZFUS01","Plasmodium","Passeriformes","Ploceidae","Ploceus",1,"Ploceus_velatus","yes","Ploceus velatus"
"7232","Ploceus velatus_SGS1",1,"Ploceus velatus","SGS1","Plasmodium","Passeriformes","Ploceidae","Ploceus",1,"Ploceus_velatus","yes","Ploceus velatus"
"7335","Prinia socialis_GRW04",1,"Prinia socialis","GRW04","Plasmodium","Passeriformes","Cisticolidae","Prinia",1,"Prinia_socialis","yes","Prinia socialis"
"7346","Promerops cafer_GRW04",1,"Promerops cafer","GRW04","Plasmodium","Passeriformes","Nectariniidae","Promerops",1,"Promerops_cafer","yes","Promerops cafer"
"7354","Prunella modularis_GRW11",1,"Prunella modularis","GRW11","Plasmodium","Passeriformes","Passeridae","Prunella",1,"Prunella_modularis","yes","Prunella modularis"
"7361","Prunella modularis_SGS1",3,"Prunella modularis","SGS1","Plasmodium","Passeriformes","Passeridae","Prunella",1,"Prunella_modularis","yes","Prunella modularis"
"7399","Pseudobias wardi_GRW04",2,"Pseudobias wardi","GRW04","Plasmodium","Passeriformes","Platysteiridae","Pseudobias",1,"Pseudobias_wardi","yes","Pseudobias wardi"
"7463","Pycnonotus barbatus_LZFUS01",1,"Pycnonotus barbatus","LZFUS01","Plasmodium","Passeriformes","Pycnonotidae","Pycnonotus",1,"Pycnonotus_barbatus","yes","Pycnonotus barbatus"
"7477","Pycnonotus capensis_GRW11",1,"Pycnonotus capensis","GRW11","Plasmodium","Passeriformes","Pycnonotidae","Pycnonotus",1,"Pycnonotus_capensis","yes","Pycnonotus capensis"
"7479","Pycnonotus capensis_SGS1",1,"Pycnonotus capensis","SGS1","Plasmodium","Passeriformes","Pycnonotidae","Pycnonotus",1,"Pycnonotus_capensis","yes","Pycnonotus capensis"
"7533","Pyrrhula pyrrhula_GRW11",2,"Pyrrhula pyrrhula","GRW11","Plasmodium","Passeriformes","Fringillidae","Pyrrhula",1,"Pyrrhula_pyrrhula","yes","Pyrrhula pyrrhula"
"7541","Pyrrhula pyrrhula_SGS1",2,"Pyrrhula pyrrhula","SGS1","Plasmodium","Passeriformes","Fringillidae","Pyrrhula",1,"Pyrrhula_pyrrhula","yes","Pyrrhula pyrrhula"
"7554","Pytilia melba_SGS1",1,"Pytilia melba","SGS1","Plasmodium","Passeriformes","Estrildidae","Pytilia",1,"Pytilia_melba","yes","Pytilia melba"
"7563","Quelea quelea_GRW04",2,"Quelea quelea","GRW04","Plasmodium","Passeriformes","Ploceidae","Quelea",1,"Quelea_quelea","yes","Quelea quelea"
"7698","Riparia riparia_SGS1",2,"Riparia riparia","SGS1","Plasmodium","Passeriformes","Hirundinidae","Riparia",1,"Riparia_riparia","yes","Riparia riparia"
"7747","Saxicola rubetra_GRW11",1,"Saxicola rubetra","GRW11","Plasmodium","Passeriformes","Turdidae","Saxicola",1,"Saxicola_rubetra","yes","Saxicola rubetra"
"7754","Saxicola rubetra_SGS1",4,"Saxicola rubetra","SGS1","Plasmodium","Passeriformes","Turdidae","Saxicola",1,"Saxicola_rubetra","yes","Saxicola rubetra"
"7762","Saxicola torquatus_GRW04",2,"Saxicola torquata","GRW04","Plasmodium","Passeriformes","Turdidae","Saxicola",1,"Saxicola_torquatus","no","Saxicola torquatus"
"7767","Saxicola torquatus_SGS1",1,"Saxicola maura","SGS1","Plasmodium","Passeriformes","Turdidae","Saxicola",1,"Saxicola_torquatus","no","Saxicola torquatus"
"7772","Sayornis nigricans_SGS1",1,"Sayornis nigricans","SGS1","Plasmodium","Passeriformes","Tyrannidae","Sayornis",1,"Sayornis_nigricans","yes","Sayornis nigricans"
"7852","Serinus canaria_SGS1",1,"Serinus canaria","SGS1","Plasmodium","Passeriformes","Fringillidae","Serinus",1,"Serinus_canaria","yes","Serinus canaria"
"7877","Serinus rufobrunneus_GRW04",1,"Crithagra rufobrunnea","GRW04","Plasmodium","Passeriformes","Fringillidae","Crithagra",1,"Serinus_rufobrunneus","no","Serinus rufobrunneus"
"7891","Serinus serinus_SGS1",4,"Serinus serinus","SGS1","Plasmodium","Passeriformes","Fringillidae","Serinus",1,"Serinus_serinus","yes","Serinus serinus"
"7901","Serpophaga cinerea_SGS1",1,"Serpophaga cinerea","SGS1","Plasmodium","Passeriformes","Tyrannidae","Serpophaga",1,"Serpophaga_cinerea","yes","Serpophaga cinerea"
"7951","Sitta europaea_GRW11",1,"Sitta europaea","GRW11","Plasmodium","Passeriformes","Sittidae","Sitta",1,"Sitta_europaea","yes","Sitta europaea"
"7960","Sitta europaea_SGS1",1,"Sitta europaea","SGS1","Plasmodium","Passeriformes","Sittidae","Sitta",1,"Sitta_europaea","yes","Sitta europaea"
"7981","Somateria mollissima_SGS1",1,"Somateria mollissima","SGS1","Plasmodium","Anseriformes","Anatidae","Somateria",1,NA,NA,"Somateria mollissima"
"7993","Spheniscus demersus_GRW11",2,"Spheniscus demersus","GRW11","Plasmodium","Sphenisciformes","Spheniscidae","Spheniscus",1,"Spheniscus_demersus","yes","Spheniscus demersus"
"7997","Spheniscus demersus_SGS1",2,"Spheniscus demersus","SGS1","Plasmodium","Sphenisciformes","Spheniscidae","Spheniscus",1,"Spheniscus_demersus","yes","Spheniscus demersus"
"8002","Spheniscus humboldti_GRW04",1,"Spheniscus humboldti","GRW04","Plasmodium","Sphenisciformes","Spheniscidae","Spheniscus",1,"Spheniscus_humboldti","yes","Spheniscus humboldti"
"8005","Spheniscus humboldti_SGS1",1,"Spheniscus humboldti","SGS1","Plasmodium","Sphenisciformes","Spheniscidae","Spheniscus",1,"Spheniscus_humboldti","yes","Spheniscus humboldti"
"8081","Stachyris pyrrhops_GRW04",2,"Stachyris pyrrhops","GRW04","Plasmodium","Passeriformes","Timaliidae","Stachyris",1,"Stachyris_pyrrhops","yes","Stachyris pyrrhops"
"8212","Sturnus cineraceus_SGS1",2,"Sturnus cineraceus","SGS1","Plasmodium","Passeriformes","Sturnidae","Sturnus",1,NA,NA,"Sturnus cineraceus"
"8217","Sturnus unicolor_SGS1",1,"Sturnus unicolor","SGS1","Plasmodium","Passeriformes","Sturnidae","Sturnus",1,"Sturnus_unicolor","yes","Sturnus unicolor"
"8222","Sturnus vulgaris_GRW04",1,"Sturnus vulgaris","GRW04","Plasmodium","Passeriformes","Sturnidae","Sturnus",1,"Sturnus_vulgaris","yes","Sturnus vulgaris"
"8245","Sylvia atricapilla_GRW11",3,"Sylvia atricapilla","GRW11","Plasmodium","Passeriformes","Sylviidae","Sylvia",1,"Sylvia_atricapilla","yes","Sylvia atricapilla"
"8259","Sylvia atricapilla_SGS1",11,"Sylvia atricapilla","SGS1","Plasmodium","Passeriformes","Sylviidae","Sylvia",1,"Sylvia_atricapilla","yes","Sylvia atricapilla"
"8324","Sylvia borin_GRW11",6,"Sylvia borin","GRW11","Plasmodium","Passeriformes","Sylviidae","Sylvia",1,"Sylvia_borin","yes","Sylvia borin"
"8333","Sylvia borin_SGS1",14,"Sylvia borin","SGS1","Plasmodium","Passeriformes","Sylviidae","Sylvia",1,"Sylvia_borin","yes","Sylvia borin"
"8373","Sylvia cantillans_GRW11",1,"Sylvia cantillans","GRW11","Plasmodium","Passeriformes","Sylviidae","Sylvia",1,"Sylvia_cantillans","yes","Sylvia cantillans"
"8389","Sylvia communis_GRW11",4,"Sylvia communis","GRW11","Plasmodium","Passeriformes","Sylviidae","Sylvia",1,"Sylvia_communis","yes","Sylvia communis"
"8396","Sylvia communis_SGS1",9,"Sylvia communis","SGS1","Plasmodium","Passeriformes","Sylviidae","Sylvia",1,"Sylvia_communis","yes","Sylvia communis"
"8406","Sylvia conspicillata_GRW11",1,"Sylvia conspicillata","GRW11","Plasmodium","Passeriformes","Sylviidae","Sylvia",1,"Sylvia_conspicillata","yes","Sylvia conspicillata"
"8424","Sylvia curruca_GRW11",3,"Sylvia curruca","GRW11","Plasmodium","Passeriformes","Sylviidae","Sylvia",1,"Sylvia_curruca","yes","Sylvia curruca"
"8432","Sylvia curruca_SGS1",4,"Sylvia curruca","SGS1","Plasmodium","Passeriformes","Sylviidae","Sylvia",1,"Sylvia_curruca","yes","Sylvia curruca"
"8440","Sylvia deserticola_SGS1",2,"Sylvia deserticola","SGS1","Plasmodium","Passeriformes","Sylviidae","Sylvia",1,"Sylvia_deserticola","yes","Sylvia deserticola"
"8446","Sylvia melanocephala_GRW11",2,"Sylvia melanocephala","GRW11","Plasmodium","Passeriformes","Sylviidae","Sylvia",1,"Sylvia_melanocephala","yes","Sylvia melanocephala"
"8456","Sylvia melanocephala_SGS1",16,"Sylvia melanocephala","SGS1","Plasmodium","Passeriformes","Sylviidae","Sylvia",1,"Sylvia_melanocephala","yes","Sylvia melanocephala"
"8466","Sylvia nisoria_GRW11",2,"Sylvia nisoria","GRW11","Plasmodium","Passeriformes","Sylviidae","Sylvia",1,"Sylvia_nisoria","yes","Sylvia nisoria"
"8467","Sylvia nisoria_SGS1",1,"Sylvia nisoria","SGS1","Plasmodium","Passeriformes","Sylviidae","Sylvia",1,"Sylvia_nisoria","yes","Sylvia nisoria"
"8471","Sylvia undata_SGS1",2,"Sylvia undata","SGS1","Plasmodium","Passeriformes","Sylviidae","Sylvia",1,"Sylvia_undata","yes","Sylvia undata"
"8511","Tachycineta bicolor_SGS1",1,"Tachycineta bicolor","SGS1","Plasmodium","Passeriformes","Hirundinidae","Tachycineta",1,"Tachycineta_bicolor","yes","Tachycineta bicolor"
"8700","Tetrao urogallus_SGS1",1,"Tetrao urogallus","SGS1","Plasmodium","Galliformes","Phasianidae","Tetrao",1,"Tetrao_urogallus","yes","Tetrao urogallus"
"8913","Tragopan temminckii_SGS1",1,"Tragopan temminckii","SGS1","Plasmodium","Galliformes","Phasianidae","Tragopan",1,"Tragopan_temminckii","yes","Tragopan temminckii"
"8967","Troglodytes aedon_SGS1",1,"Troglodytes aedon","SGS1","Plasmodium","Passeriformes","Certhiidae","Troglodytes",1,"Troglodytes_aedon","yes","Troglodytes aedon"
"9007","Troglodytes troglodytes_GRW11",3,"Troglodytes troglodytes","GRW11","Plasmodium","Passeriformes","Certhiidae","Troglodytes",1,"Troglodytes_troglodytes","yes","Troglodytes troglodytes"
"9011","Troglodytes troglodytes_SGS1",9,"Troglodytes troglodytes","SGS1","Plasmodium","Passeriformes","Certhiidae","Troglodytes",1,"Troglodytes_troglodytes","yes","Troglodytes troglodytes"
"9182","Turdus merula_GRW04",1,"Turdus merula","GRW04","Plasmodium","Passeriformes","Turdidae","Turdus",1,"Turdus_merula","yes","Turdus merula"
"9191","Turdus merula_SGS1",1,"Turdus merula","SGS1","Plasmodium","Passeriformes","Turdidae","Turdus",1,"Turdus_merula","yes","Turdus merula"
"9396","Turdus viscivorus_SGS1",2,"Turdus viscivorus","SGS1","Plasmodium","Passeriformes","Turdidae","Turdus",1,"Turdus_viscivorus","yes","Turdus viscivorus"
"9410","Tylas eduardi_GRW04",3,"Tylas eduardi","GRW04","Plasmodium","Passeriformes","Vangidae","Tylas",1,"Tylas_eduardi","yes","Tylas eduardi"
"9494","Vestiaria coccinea_GRW04",1,"Vestiaria coccinea","GRW04","Plasmodium","Passeriformes","Fringillidae","Vestiaria",1,"Vestiaria_coccinea","yes","Vestiaria coccinea"
"9659","Wilsonia pusilla_LZFUS01",1,"Cardellina pusilla","LZFUS01","Plasmodium","Passeriformes","Parulidae","Cardellina",1,"Wilsonia_pusilla","no","Wilsonia pusilla"
"9690","Xenospingus concolor_GRW04",1,"Xenospingus concolor","GRW04","Plasmodium","Passeriformes","Thraupidae","Xenospingus",1,NA,NA,"Xenospingus concolor"
"9817","Zonotrichia capensis_GRW04",2,"Zonotrichia capensis","GRW04","Plasmodium","Passeriformes","Fringillidae","Zonotrichia",1,"Zonotrichia_capensis","yes","Zonotrichia capensis"
"9824","Zonotrichia capensis_SGS1",1,"Zonotrichia capensis","SGS1","Plasmodium","Passeriformes","Fringillidae","Zonotrichia",1,"Zonotrichia_capensis","yes","Zonotrichia capensis"
"9914","Zosterops borbonicus_GRW04",4,"Zosterops borbonicus","GRW04","Plasmodium","Passeriformes","Zosteropidae","Zosterops",1,"Zosterops_borbonicus","yes","Zosterops borbonicus"
"9935","Zosterops chloronothus_GRW04",1,"Zosterops chloronothos","GRW04","Plasmodium","Passeriformes","Zosteropidae","Zosterops",1,"Zosterops_chloronothus","no","Zosterops chloronothus"
"9954","Zosterops japonicus_GRW04",1,"Zosterops japonicus","GRW04","Plasmodium","Passeriformes","Zosteropidae","Zosterops",1,"Zosterops_japonicus","yes","Zosterops japonicus"
"9962","Zosterops lateralis_GRW04",1,"Zosterops lateralis","GRW04","Plasmodium","Passeriformes","Zosteropidae","Zosterops",1,"Zosterops_lateralis","yes","Zosterops lateralis"
"9983","Zosterops maderaspatanus_GRW04",7,"Zosterops maderaspatanus","GRW04","Plasmodium","Passeriformes","Zosteropidae","Zosterops",1,"Zosterops_maderaspatanus","yes","Zosterops maderaspatanus"
"9996","Zosterops mayottensis_GRW04",1,"Zosterops mayottensis","GRW04","Plasmodium","Passeriformes","Zosteropidae","Zosterops",1,"Zosterops_mayottensis","yes","Zosterops mayottensis"
"10003","Zosterops mouroniensis_GRW04",2,"Zosterops mouroniensis","GRW04","Plasmodium","Passeriformes","Zosteropidae","Zosterops",1,"Zosterops_mouroniensis","yes","Zosterops mouroniensis"
"10011","Zosterops pallidus_GRW04",1,"Zosterops capensis","GRW04","Plasmodium","Passeriformes","Zosteropidae","Zosterops",1,"Zosterops_pallidus","no","Zosterops pallidus"
