"","species","id","Lineage_Name","order","family","genus","Pr","found","tested","Jetz.species","match"
"62","Acrocephalus agricola","GRW11_Acrocephalus agricola","GRW11","Passeriformes","Sylviidae","Acrocephalus",1,2,114,"Acrocephalus_agricola","yes"
"63","Acrocephalus agricola","SGS1_Acrocephalus agricola","SGS1","Passeriformes","Sylviidae","Acrocephalus",1,7,179,"Acrocephalus_agricola","yes"
"69","Acrocephalus agricola","GRW04_Acrocephalus agricola","GRW04","Passeriformes","Sylviidae","Acrocephalus",1,5,137,"Acrocephalus_agricola","yes"
"75","Acrocephalus arundinaceus","GRW11_Acrocephalus arundinaceus","GRW11","Passeriformes","Sylviidae","Acrocephalus",1,2,166,"Acrocephalus_arundinaceus","yes"
"87","Acrocephalus arundinaceus","GRW04_Acrocephalus arundinaceus","GRW04","Passeriformes","Sylviidae","Acrocephalus",1,155,1070,"Acrocephalus_arundinaceus","yes"
"95","Acrocephalus arundinaceus","SGS1_Acrocephalus arundinaceus","SGS1","Passeriformes","Sylviidae","Acrocephalus",1,22,971,"Acrocephalus_arundinaceus","yes"
"106","Acrocephalus baeticatus","GRW04_Acrocephalus baeticatus","GRW04","Passeriformes","Sylviidae","Acrocephalus",1,NA,NA,"Acrocephalus_baeticatus","yes"
"119","Acrocephalus gracilirostris","GRW04_Acrocephalus gracilirostris","GRW04","Passeriformes","Sylviidae","Acrocephalus",1,NA,NA,"Acrocephalus_gracilirostris","yes"
"122","Acrocephalus melanopogon","GRW11_Acrocephalus melanopogon","GRW11","Passeriformes","Sylviidae","Acrocephalus",1,1,3,"Acrocephalus_melanopogon","yes"
"124","Acrocephalus mendanae","GRW04_Acrocephalus mendanae","GRW04","Passeriformes","Sylviidae","Acrocephalus",1,9,11,"Acrocephalus_mendanae","yes"
"131","Acrocephalus orientalis","GRW04_Acrocephalus orientalis","GRW04","Passeriformes","Sylviidae","Acrocephalus",1,2,6,"Acrocephalus_arundinaceus","no"
"140","Acrocephalus paludicola","GRW04_Acrocephalus paludicola","GRW04","Passeriformes","Sylviidae","Acrocephalus",1,5,90,"Acrocephalus_paludicola","yes"
"149","Acrocephalus palustris","SGS1_Acrocephalus palustris","SGS1","Passeriformes","Sylviidae","Acrocephalus",1,1,3,"Acrocephalus_palustris","yes"
"158","Acrocephalus schoenobaenus","SGS1_Acrocephalus schoenobaenus","SGS1","Passeriformes","Sylviidae","Acrocephalus",1,1,69,"Acrocephalus_schoenobaenus","yes"
"164","Acrocephalus schoenobaenus","GRW04_Acrocephalus schoenobaenus","GRW04","Passeriformes","Sylviidae","Acrocephalus",1,7,442,"Acrocephalus_schoenobaenus","yes"
"184","Acrocephalus scirpaceus","GRW04_Acrocephalus scirpaceus","GRW04","Passeriformes","Sylviidae","Acrocephalus",1,25,369,"Acrocephalus_scirpaceus","yes"
"187","Acrocephalus scirpaceus","GRW11_Acrocephalus scirpaceus","GRW11","Passeriformes","Sylviidae","Acrocephalus",1,2,247,"Acrocephalus_scirpaceus","yes"
"188","Acrocephalus scirpaceus","SGS1_Acrocephalus scirpaceus","SGS1","Passeriformes","Sylviidae","Acrocephalus",1,7,298,"Acrocephalus_scirpaceus","yes"
"286","Alauda arvensis","GRW11_Alauda arvensis","GRW11","Passeriformes","Alaudidae","Alauda",1,4,146,"Alauda_arvensis","yes"
"288","Alauda arvensis","SGS1_Alauda arvensis","SGS1","Passeriformes","Alaudidae","Alauda",1,52,434,"Alauda_arvensis","yes"
"330","Alectoris graeca","SGS1_Alectoris graeca","SGS1","Galliformes","Phasianidae","Alectoris",1,1,1,NA,NA
"351","Alethe fuelleborni","GRW04_Alethe fuelleborni","GRW04","Passeriformes","Turdidae","Alethe",1,1,32,"Alethe_fuelleborni","yes"
"373","Amazilia chionogaster","SGS1_Amazilia chionogaster","SGS1","Trochiliformes","Trochilidae","Amazilia",1,1,12,"Amazilia_chionogaster","yes"
"449","Anas acuta","SGS1_Anas acuta","SGS1","Anseriformes","Anatidae","Anas",1,1,8,"Anas_acuta","yes"
"599","Anser anser","GRW04_Anser anser","GRW04","Anseriformes","Anatidae","Anser",1,1,143,NA,NA
"830","Athene noctua","SGS1_Athene noctua","SGS1","Strigiformes","Strigidae","Athene",1,2,6,"Athene_noctua","yes"
"835","Athene noctua","GRW11_Athene noctua","GRW11","Strigiformes","Strigidae","Athene",1,NA,NA,"Athene_noctua","yes"
"1028","Botaurus stellaris","SGS1_Botaurus stellaris","SGS1","Ciconiiformes","Ardeidae","Botaurus",1,NA,NA,"Botaurus_stellaris","yes"
"1080","Bubo scandiacus","GRW11_Bubo scandiacus","GRW11","Strigiformes","Strigidae","Bubo",1,NA,NA,NA,NA
"1082","Bubo scandiacus","SGS1_Bubo scandiacus","SGS1","Strigiformes","Strigidae","Bubo",1,NA,NA,NA,NA
"1102","Bubulcus ibis","SGS1_Bubulcus ibis","SGS1","Ciconiiformes","Ardeidae","Bubulcus",1,1,13,"Bubulcus_ibis","yes"
"1103","Bubulcus ibis","GRW04_Bubulcus ibis","GRW04","Ciconiiformes","Ardeidae","Bubulcus",1,1,13,"Bubulcus_ibis","yes"
"1280","Cardellina pusilla","LZFUS01_Cardellina pusilla","LZFUS01","Passeriformes","Parulidae","Cardellina",1,NA,NA,"Wilsonia_pusilla","no"
"1321","Carduelis cannabina","SGS1_Carduelis cannabina","SGS1","Passeriformes","Fringillidae","Carduelis",1,1,5,"Carduelis_cannabina","yes"
"1331","Carduelis carduelis","SGS1_Carduelis carduelis","SGS1","Passeriformes","Fringillidae","Carduelis",1,6,79,"Carduelis_carduelis","yes"
"1336","Carduelis carduelis","GRW11_Carduelis carduelis","GRW11","Passeriformes","Fringillidae","Carduelis",1,2,49,"Carduelis_carduelis","yes"
"1341","Carduelis chloris","SGS1_Carduelis chloris","SGS1","Passeriformes","Fringillidae","Carduelis",1,3,12,"Carduelis_chloris","yes"
"1389","Carduelis spinus","SGS1_Carduelis spinus","SGS1","Passeriformes","Fringillidae","Carduelis",1,NA,NA,"Carduelis_spinus","yes"
"1407","Carpodacus erythrinus","SGS1_Carpodacus erythrinus","SGS1","Passeriformes","Fringillidae","Carpodacus",1,15,249,"Carpodacus_erythrinus","yes"
"1432","Carpodacus mexicanus","GRW04_Carpodacus mexicanus","GRW04","Passeriformes","Fringillidae","Carpodacus",1,NA,NA,"Carpodacus_mexicanus","yes"
"1607","Cercomela fusca","GRW04_Cercomela fusca","GRW04","Passeriformes","Muscicapidae","Cercomela",1,NA,NA,"Cercomela_fusca","yes"
"1610","Cercotrichas coryphoeus","SGS1_Cercotrichas coryphoeus","SGS1","Passeriformes","Muscicapidae","Cercotrichas",1,1,1,"Erythropygia_coryphaeus","no"
"1612","Cercotrichas galactotes","SGS1_Cercotrichas galactotes","SGS1","Passeriformes","Muscicapidae","Cercotrichas",1,2,2,"Erythropygia_galactotes","no"
"1617","Cercotrichas podobe","SGS1_Cercotrichas podobe","SGS1","Passeriformes","Muscicapidae","Cercotrichas",1,NA,NA,"Cercotrichas_podobe","yes"
"1625","Certhia brachydactyla","SGS1_Certhia brachydactyla","SGS1","Passeriformes","Certhiidae","Certhia",1,6,35,"Certhia_brachydactyla","yes"
"1630","Certhia familiaris","SGS1_Certhia familiaris","SGS1","Passeriformes","Certhiidae","Certhia",1,1,9,"Certhia_familiaris","yes"
"1631","Cettia cetti","SGS1_Cettia cetti","SGS1","Passeriformes","Sylviidae","Cettia",1,178,338,"Cettia_cetti","yes"
"1633","Cettia cetti","GRW11_Cettia cetti","GRW11","Passeriformes","Sylviidae","Cettia",1,7,244,"Cettia_cetti","yes"
"1637","Cettia diphone","GRW04_Cettia diphone","GRW04","Passeriformes","Sylviidae","Cettia",1,1,13,NA,NA
"1743","Chroicocephalus ridibundus","SGS1_Chroicocephalus ridibundus","SGS1","Charadriiformes","Laridae","Chroicocephalus",1,1,20,NA,NA
"1752","Chrysolophus amherstiae","GRW11_Chrysolophus amherstiae","GRW11","Galliformes","Phasianidae","Chrysolophus",1,NA,NA,"Chrysolophus_amherstiae","yes"
"1755","Chrysomma sinense","GRW04_Chrysomma sinense","GRW04","Passeriformes","Timaliidae","Chrysomma",1,1,10,"Chrysomma_sinense","yes"
"1770","Ciconia ciconia","SGS1_Ciconia ciconia","SGS1","Ciconiiformes","Ciconiidae","Ciconia",1,1,15,"Ciconia_ciconia","yes"
"1848","Cinnyris souimanga","GRW04_Cinnyris souimanga","GRW04","Passeriformes","Nectariniidae","Cinnyris",1,NA,NA,"Nectarinia_sovimanga","no"
"1945","Coccothraustes coccothraustes","SGS1_Coccothraustes coccothraustes","SGS1","Passeriformes","Fringillidae","Coccothraustes",1,1,42,"Coccothraustes_coccothraustes","yes"
"2044","Colibri coruscans","SGS1_Colibri coruscans","SGS1","Trochiliformes","Trochilidae","Colibri",1,1,2,"Colibri_coruscans","yes"
"2082","Columba livia","SGS1_Columba livia","SGS1","Columbiformes","Columbidae","Columba",1,NA,NA,"Columba_livia","yes"
"2137","Conirostrum cinereum","SGS1_Conirostrum cinereum","SGS1","Passeriformes","Fringillidae","Conirostrum",1,1,1,"Conirostrum_cinereum","yes"
"2145","Conirostrum tamarugense","GRW04_Conirostrum tamarugense","GRW04","Passeriformes","Fringillidae","Conirostrum",1,1,142,"Conirostrum_tamarugense","yes"
"2180","Copsychus albospecularis","GRW04_Copsychus albospecularis","GRW04","Passeriformes","Muscicapidae","Copsychus",1,NA,NA,"Copsychus_albospecularis","yes"
"2228","Corvus corax","SGS1_Corvus corax","SGS1","Passeriformes","Corvidae","Corvus",1,30,86,NA,NA
"2236","Corvus corax","GRW11_Corvus corax","GRW11","Passeriformes","Corvidae","Corvus",1,3,86,NA,NA
"2263","Corvus corone","GRW11_Corvus corone","GRW11","Passeriformes","Corvidae","Corvus",1,1,95,"Corvus_corone","yes"
"2266","Corvus corone","SGS1_Corvus corone","SGS1","Passeriformes","Corvidae","Corvus",1,26,95,"Corvus_corone","yes"
"2279","Corvus macrorhynchos","SGS1_Corvus macrorhynchos","SGS1","Passeriformes","Corvidae","Corvus",1,NA,NA,"Corvus_macrorhynchos","yes"
"2292","Corvus macrorhynchos","GRW11_Corvus macrorhynchos","GRW11","Passeriformes","Corvidae","Corvus",1,NA,NA,"Corvus_macrorhynchos","yes"
"2298","Corvus monedula","SGS1_Corvus monedula","SGS1","Passeriformes","Corvidae","Corvus",1,7,51,NA,NA
"2380","Cossypha caffra","GRW04_Cossypha caffra","GRW04","Passeriformes","Muscicapidae","Cossypha",1,2,40,"Cossypha_caffra","yes"
"2409","Cracticus tibicen","SGS1_Cracticus tibicen","SGS1","Passeriformes","Cracticidae","Cracticus",1,1,6,"Gymnorhina_tibicen","no"
"2469","Crithagra rufobrunnea","GRW04_Crithagra rufobrunnea","GRW04","Passeriformes","Fringillidae","Crithagra",1,NA,NA,"Serinus_rufobrunneus","no"
"2541","Cyanistes caeruleus","GRW11_Cyanistes caeruleus","GRW11","Passeriformes","Paridae","Cyanistes",1,52,2625,"Parus_caeruleus","no"
"2552","Cyanistes caeruleus","GRW04_Cyanistes caeruleus","GRW04","Passeriformes","Paridae","Cyanistes",1,1,462,"Parus_caeruleus","no"
"2553","Cyanistes caeruleus","SGS1_Cyanistes caeruleus","SGS1","Passeriformes","Paridae","Cyanistes",1,410,2950,"Parus_caeruleus","no"
"2571","Cyanistes teneriffae","SGS1_Cyanistes teneriffae","SGS1","Passeriformes","Paridae","Cyanistes",1,18,102,"Parus_teneriffae","no"
"2573","Cyanistes teneriffae","GRW11_Cyanistes teneriffae","GRW11","Passeriformes","Paridae","Cyanistes",1,6,35,"Parus_teneriffae","no"
"2671","Cyanopica cooki","SGS1_Cyanopica cooki","SGS1","Passeriformes","Corvidae","Cyanopica",1,4,18,"Cyanopica_cyanus","no"
"2744","Delichon dasypus","GRW11_Delichon dasypus","GRW11","Passeriformes","Hirundinidae","Delichon",1,1,1,"Delichon_dasypus","yes"
"2756","Delichon urbicum","SGS1_Delichon urbicum","SGS1","Passeriformes","Hirundinidae","Delichon",1,62,708,"Delichon_urbicum","yes"
"2758","Delichon urbicum","GRW04_Delichon urbicum","GRW04","Passeriformes","Hirundinidae","Delichon",1,5,418,"Delichon_urbicum","yes"
"2764","Delichon urbicum","GRW11_Delichon urbicum","GRW11","Passeriformes","Hirundinidae","Delichon",1,3,388,"Delichon_urbicum","yes"
"3090","Dumetella carolinensis","GRW04_Dumetella carolinensis","GRW04","Passeriformes","Mimidae","Dumetella",1,NA,NA,"Dumetella_carolinensis","yes"
"3195","Emberiza calandra","SGS1_Emberiza calandra","SGS1","Passeriformes","Fringillidae","Emberiza",1,2,3,"Miliaria_calandra","no"
"3197","Emberiza cia","SGS1_Emberiza cia","SGS1","Passeriformes","Fringillidae","Emberiza",1,4,9,"Emberiza_cia","yes"
"3199","Emberiza cirlus","GRW11_Emberiza cirlus","GRW11","Passeriformes","Fringillidae","Emberiza",1,2,9,"Emberiza_cirlus","yes"
"3202","Emberiza cirlus","SGS1_Emberiza cirlus","SGS1","Passeriformes","Fringillidae","Emberiza",1,6,10,"Emberiza_cirlus","yes"
"3209","Emberiza citrinella","GRW11_Emberiza citrinella","GRW11","Passeriformes","Fringillidae","Emberiza",1,2,15,"Emberiza_citrinella","yes"
"3214","Emberiza citrinella","SGS1_Emberiza citrinella","SGS1","Passeriformes","Fringillidae","Emberiza",1,5,38,"Emberiza_citrinella","yes"
"3224","Emberiza elegans","SGS1_Emberiza elegans","SGS1","Passeriformes","Fringillidae","Emberiza",1,5,42,"Emberiza_elegans","yes"
"3231","Emberiza godlewskii","SGS1_Emberiza godlewskii","SGS1","Passeriformes","Fringillidae","Emberiza",1,4,206,"Emberiza_godlewskii","yes"
"3247","Emberiza hortulana","SGS1_Emberiza hortulana","SGS1","Passeriformes","Fringillidae","Emberiza",1,NA,NA,"Emberiza_hortulana","yes"
"3280","Emberiza tahapisi","SGS1_Emberiza tahapisi","SGS1","Passeriformes","Fringillidae","Emberiza",1,NA,NA,"Emberiza_tahapisi","yes"
"3345","Erithacus rubecula","GRW11_Erithacus rubecula","GRW11","Passeriformes","Turdidae","Erithacus",1,4,114,"Erithacus_rubecula","yes"
"3367","Erithacus rubecula","SGS1_Erithacus rubecula","SGS1","Passeriformes","Turdidae","Erithacus",1,9,463,"Erithacus_rubecula","yes"
"3383","Estrilda astrild","SGS1_Estrilda astrild","SGS1","Passeriformes","Estrildidae","Estrilda",1,1,56,"Estrilda_astrild","yes"
"3416","Eumyias albicaudatus","GRW04_Eumyias albicaudatus","GRW04","Passeriformes","Muscicapidae","Eumyias",1,1,4,NA,NA
"3488","Euplectes orix","SGS1_Euplectes orix","SGS1","Passeriformes","Ploceidae","Euplectes",1,1,195,"Euplectes_orix","yes"
"3598","Ficedula albicollis","GRW04_Ficedula albicollis","GRW04","Passeriformes","Muscicapidae","Ficedula",1,NA,NA,"Ficedula_albicollis","yes"
"3607","Ficedula albicollis","SGS1_Ficedula albicollis","SGS1","Passeriformes","Muscicapidae","Ficedula",1,12,2805,"Ficedula_albicollis","yes"
"3611","Ficedula albicollis","GRW11_Ficedula albicollis","GRW11","Passeriformes","Muscicapidae","Ficedula",1,4,1296,"Ficedula_albicollis","yes"
"3634","Ficedula hypoleuca","GRW11_Ficedula hypoleuca","GRW11","Passeriformes","Muscicapidae","Ficedula",1,3,192,"Ficedula_hypoleuca","yes"
"3649","Ficedula hypoleuca","SGS1_Ficedula hypoleuca","SGS1","Passeriformes","Muscicapidae","Ficedula",1,15,1074,"Ficedula_hypoleuca","yes"
"3708","Foudia eminentissima","GRW04_Foudia eminentissima","GRW04","Passeriformes","Ploceidae","Foudia",1,NA,NA,"Foudia_eminentissima","yes"
"3710","Foudia flavicans","GRW04_Foudia flavicans","GRW04","Passeriformes","Ploceidae","Foudia",1,NA,NA,"Foudia_flavicans","yes"
"3712","Foudia madagascariensis","GRW04_Foudia madagascariensis","GRW04","Passeriformes","Ploceidae","Foudia",1,1,42,"Foudia_madagascariensis","yes"
"3729","Foudia omissa","GRW04_Foudia omissa","GRW04","Passeriformes","Ploceidae","Foudia",1,3,207,"Foudia_omissa","yes"
"3757","Fratercula arctica","SGS1_Fratercula arctica","SGS1","Charadriiformes","Alcidae","Fratercula",1,NA,NA,NA,NA
"3766","Fringilla coelebs","GRW11_Fringilla coelebs","GRW11","Passeriformes","Fringillidae","Fringilla",1,6,110,"Fringilla_coelebs","yes"
"3808","Fringilla coelebs","SGS1_Fringilla coelebs","SGS1","Passeriformes","Fringillidae","Fringilla",1,40,200,"Fringilla_coelebs","yes"
"3847","Gallinago gallinago","SGS1_Gallinago gallinago","SGS1","Charadriiformes","Scolopacidae","Gallinago",1,1,85,"Gallinago_gallinago","yes"
"3898","Gallus gallus","SGS1_Gallus gallus","SGS1","Galliformes","Phasianidae","Gallus",1,1,2,"Gallus_gallus","yes"
"3925","Garrulus glandarius","SGS1_Garrulus glandarius","SGS1","Passeriformes","Corvidae","Garrulus",1,3,10,"Garrulus_glandarius","yes"
"3928","Garrulus glandarius","GRW11_Garrulus glandarius","GRW11","Passeriformes","Corvidae","Garrulus",1,1,5,"Garrulus_glandarius","yes"
"4078","Grus japonensis","SGS1_Grus japonensis","SGS1","Gruiformes","Gruidae","Grus",1,NA,NA,NA,NA
"4080","Grus leucogeranus","SGS1_Grus leucogeranus","SGS1","Gruiformes","Gruidae","Grus",1,NA,NA,NA,NA
"4084","Grus nigricollis","SGS1_Grus nigricollis","SGS1","Gruiformes","Gruidae","Grus",1,NA,NA,"Grus_nigricollis","yes"
"4087","Grus vipio","SGS1_Grus vipio","SGS1","Gruiformes","Gruidae","Grus",1,NA,NA,NA,NA
"4201","Hemignathus flavus","GRW04_Hemignathus flavus","GRW04","Passeriformes","Fringillidae","Hemignathus",1,NA,NA,"Hemignathus_flavus","yes"
"4202","Hemignathus virens","GRW04_Hemignathus virens","GRW04","Passeriformes","Fringillidae","Hemignathus",1,NA,NA,"Hemignathus_virens","yes"
"4258","Himantopus himantopus","SGS1_Himantopus himantopus","SGS1","Charadriiformes","Recurvirostridae","Himantopus",1,1,7,"Himantopus_himantopus","yes"
"4260","Himatione sanguinea","GRW04_Himatione sanguinea","GRW04","Passeriformes","Fringillidae","Himatione",1,NA,NA,"Himatione_sanguinea","yes"
"4281","Hippolais pallida","GRW04_Hippolais pallida","GRW04","Passeriformes","Sylviidae","Hippolais",1,NA,NA,"Hippolais_pallida","yes"
"4289","Hippolais polyglotta","SGS1_Hippolais polyglotta","SGS1","Passeriformes","Sylviidae","Hippolais",1,4,33,"Hippolais_polyglotta","yes"
"4321","Hirundo rustica","GRW04_Hirundo rustica","GRW04","Passeriformes","Hirundinidae","Hirundo",1,1,113,"Hirundo_rustica","yes"
"4329","Humblotia flavirostris","GRW04_Humblotia flavirostris","GRW04","Passeriformes","Muscicapidae","DUMMY_GENUS_2",1,NA,NA,"Humblotia_flavirostris","yes"
"4411","Hypsipetes amaurotis","SGS1_Hypsipetes amaurotis","SGS1","Passeriformes","Pycnonotidae","Hypsipetes",1,NA,NA,"Ixos_amaurotis","no"
"4437","Hypsipetes madagascariensis","GRW04_Hypsipetes madagascariensis","GRW04","Passeriformes","Pycnonotidae","Hypsipetes",1,6,113,"Hypsipetes_madagascariensis","yes"
"4703","Lamprotornis hildebrandti","SGS1_Lamprotornis hildebrandti","SGS1","Passeriformes","Sturnidae","Lamprotornis",1,NA,NA,NA,NA
"4713","Lamprotornis superbus","SGS1_Lamprotornis superbus","SGS1","Passeriformes","Sturnidae","Lamprotornis",1,1,1,NA,NA
"4728","Lanius bucephalus","LZFUS01_Lanius bucephalus","LZFUS01","Passeriformes","Laniidae","Lanius",1,NA,NA,"Lanius_bucephalus","yes"
"4731","Lanius collaris","SGS1_Lanius collaris","SGS1","Passeriformes","Laniidae","Lanius",1,2,9,"Lanius_collaris","yes"
"4737","Lanius collurio","GRW11_Lanius collurio","GRW11","Passeriformes","Laniidae","Lanius",1,1,10,"Lanius_collurio","yes"
"4738","Lanius collurio","LZFUS01_Lanius collurio","LZFUS01","Passeriformes","Laniidae","Lanius",1,2,8,"Lanius_collurio","yes"
"4749","Lanius cristatus","LZFUS01_Lanius cristatus","LZFUS01","Passeriformes","Laniidae","Lanius",1,NA,NA,"Lanius_cristatus","yes"
"4762","Larosterna inca","SGS1_Larosterna inca","SGS1","Charadriiformes","Laridae","Larosterna",1,18,87,"Larosterna_inca","yes"
"4773","Larus argentatus","SGS1_Larus argentatus","SGS1","Charadriiformes","Laridae","Larus",1,1,39,"Larus_argentatus","yes"
"4777","Larus cachinnans","SGS1_Larus cachinnans","SGS1","Charadriiformes","Laridae","Larus",1,2,17,"Larus_cachinnans","yes"
"4782","Larus mongolicus","SGS1_Larus mongolicus","SGS1","Charadriiformes","Laridae","Larus",1,1,22,"Larus_argentatus","no"
"4923","Locustella luscinioides","GRW04_Locustella luscinioides","GRW04","Passeriformes","Sylviidae","Locustella",1,2,30,"Locustella_luscinioides","yes"
"4941","Lonchura malabarica","GRW04_Lonchura malabarica","GRW04","Passeriformes","Estrildidae","Lonchura",1,NA,NA,"Lonchura_malabarica","yes"
"4942","Lonchura malacca","GRW04_Lonchura malacca","GRW04","Passeriformes","Estrildidae","Lonchura",1,NA,NA,"Lonchura_malacca","yes"
"4948","Lonchura punctulata","GRW04_Lonchura punctulata","GRW04","Passeriformes","Estrildidae","Lonchura",1,NA,NA,"Lonchura_punctulata","yes"
"4949","Lophophanes cristatus","SGS1_Lophophanes cristatus","SGS1","Passeriformes","Paridae","Lophophanes",1,2,6,"Parus_cristatus","no"
"4953","Lophophorus impejanus","SGS1_Lophophorus impejanus","SGS1","Galliformes","Phasianidae","Lophophorus",1,NA,NA,"Lophophorus_impejanus","yes"
"4954","Lophophorus impejanus","GRW11_Lophophorus impejanus","GRW11","Galliformes","Phasianidae","Lophophorus",1,NA,NA,"Lophophorus_impejanus","yes"
"4960","Loxia curvirostra","SGS1_Loxia curvirostra","SGS1","Passeriformes","Fringillidae","Loxia",1,NA,NA,"Loxia_curvirostra","yes"
"4995","Loxigilla violacea","GRW04_Loxigilla violacea","GRW04","Passeriformes","Fringillidae","Loxigilla",1,NA,NA,"Loxigilla_violacea","yes"
"5015","Luscinia luscinia","GRW11_Luscinia luscinia","GRW11","Passeriformes","Turdidae","Luscinia",1,NA,NA,"Luscinia_luscinia","yes"
"5021","Luscinia luscinia","SGS1_Luscinia luscinia","SGS1","Passeriformes","Turdidae","Luscinia",1,1,31,"Luscinia_luscinia","yes"
"5043","Luscinia svecica","GRW11_Luscinia svecica","GRW11","Passeriformes","Turdidae","Luscinia",1,4,162,"Luscinia_svecica","yes"
"5056","Luscinia svecica","SGS1_Luscinia svecica","SGS1","Passeriformes","Turdidae","Luscinia",1,31,263,"Luscinia_svecica","yes"
"5075","Luscinia svecica","GRW04_Luscinia svecica","GRW04","Passeriformes","Turdidae","Luscinia",1,16,113,"Luscinia_svecica","yes"
"5127","Marmaronetta angustirostris","SGS1_Marmaronetta angustirostris","SGS1","Anseriformes","Anatidae","Marmaronetta",1,1,10,"Marmaronetta_angustirostris","yes"
"5141","Megalurus palustris","GRW04_Megalurus palustris","GRW04","Passeriformes","Sylviidae","Megalurus",1,NA,NA,"Megalurus_palustris","yes"
"5207","Melopsittacus undulatus","GRW04_Melopsittacus undulatus","GRW04","Psittaciformes","Psittacidae","Melopsittacus",1,NA,NA,"Melopsittacus_undulatus","yes"
"5334","Microscelis amaurotis","SGS1_Microscelis amaurotis","SGS1","Passeriformes","Pycnonotidae","Microscelis",1,2,9,NA,NA
"5337","Microscelis amaurotis","GRW04_Microscelis amaurotis","GRW04","Passeriformes","Pycnonotidae","Microscelis",1,1,11,NA,NA
"5354","Mimus gilvus","GRW04_Mimus gilvus","GRW04","Passeriformes","Mimidae","Mimus",1,NA,NA,"Mimus_gilvus","yes"
"5456","Monticola saxatilis","SGS1_Monticola saxatilis","SGS1","Passeriformes","Turdidae","Monticola",1,1,4,"Monticola_saxatilis","yes"
"5458","Monticola sharpei","GRW04_Monticola sharpei","GRW04","Passeriformes","Turdidae","Monticola",1,NA,NA,"Monticola_sharpei","yes"
"5459","Monticola solitarius","GRW04_Monticola solitarius","GRW04","Passeriformes","Turdidae","Monticola",1,8,50,NA,NA
"5482","Motacilla flava","SGS1_Motacilla flava","SGS1","Passeriformes","Motacillidae","Motacilla",1,1,92,"Motacilla_flava","yes"
"5510","Muscicapa striata","SGS1_Muscicapa striata","SGS1","Passeriformes","Muscicapidae","Muscicapa",1,3,11,"Muscicapa_striata","yes"
"5772","Nectarinia famosa","GRW04_Nectarinia famosa","GRW04","Passeriformes","Nectariniidae","Nectarinia",1,1,85,"Nectarinia_famosa","yes"
"5777","Nectarinia humbloti","GRW04_Nectarinia humbloti","GRW04","Passeriformes","Nectariniidae","Nectarinia",1,NA,NA,"Nectarinia_humbloti","yes"
"5784","Nectarinia notata","GRW04_Nectarinia notata","GRW04","Passeriformes","Nectariniidae","Nectarinia",1,NA,NA,"Nectarinia_notata","yes"
"5814","Neochmia temporalis","GRW04_Neochmia temporalis","GRW04","Passeriformes","Estrildidae","Neochmia",1,NA,NA,"Neochmia_temporalis","yes"
"5865","Nesillas typica","GRW04_Nesillas typica","GRW04","Passeriformes","Sylviidae","Nesillas",1,NA,NA,"Nesillas_typica","yes"
"5918","Notiomystis cincta","GRW04_Notiomystis cincta","GRW04","Passeriformes","Meliphagidae","Notiomystis",1,1,11,"Notiomystis_cincta","yes"
"5974","Oenanthe oenanthe","SGS1_Oenanthe oenanthe","SGS1","Passeriformes","Muscicapidae","Oenanthe",1,1,1,"Oenanthe_oenanthe","yes"
"6005","Orthotomus cucullatus","GRW04_Orthotomus cucullatus","GRW04","Passeriformes","Cisticolidae","Orthotomus",1,NA,NA,"Orthotomus_cuculatus","no"
"6008","Orthotomus sutorius","GRW04_Orthotomus sutorius","GRW04","Passeriformes","Cisticolidae","Orthotomus",1,NA,NA,"Orthotomus_sutorius","yes"
"6061","Pachyptila belcheri","SGS1_Pachyptila belcheri","SGS1","Procellariiformes","Procellariidae","Pachyptila",1,1,28,"Pachyptila_belcheri","yes"
"6086","Paradoxornis webbianus","GRW04_Paradoxornis webbianus","GRW04","Passeriformes","Muscicapidae","Paradoxornis",1,NA,NA,"Paradoxornis_webbianus","yes"
"6179","Parus major","SGS1_Parus major","SGS1","Passeriformes","Paridae","Parus",1,658,2523,"Parus_major","yes"
"6195","Parus major","GRW04_Parus major","GRW04","Passeriformes","Paridae","Parus",1,1,6,"Parus_major","yes"
"6201","Parus major","GRW11_Parus major","GRW11","Passeriformes","Paridae","Parus",1,21,1705,"Parus_major","yes"
"6227","Parus palustris","SGS1_Parus palustris","SGS1","Passeriformes","Paridae","Parus",1,9,104,"Parus_palustris","yes"
"6229","Parus palustris","GRW11_Parus palustris","GRW11","Passeriformes","Paridae","Parus",1,1,23,"Parus_palustris","yes"
"6249","Parus venustulus","SGS1_Parus venustulus","SGS1","Passeriformes","Paridae","Parus",1,4,29,"Parus_venustulus","yes"
"6266","Passer domesticus","SGS1_Passer domesticus","SGS1","Passeriformes","Passeridae","Passer",1,1113,5333,"Passer_domesticus","yes"
"6275","Passer domesticus","GRW04_Passer domesticus","GRW04","Passeriformes","Passeridae","Passer",1,76,469,"Passer_domesticus","yes"
"6282","Passer domesticus","GRW11_Passer domesticus","GRW11","Passeriformes","Passeridae","Passer",1,215,4295,"Passer_domesticus","yes"
"6333","Passer griseus","SGS1_Passer griseus","SGS1","Passeriformes","Passeridae","Passer",1,2,7,"Passer_griseus","yes"
"6338","Passer hispaniolensis","SGS1_Passer hispaniolensis","SGS1","Passeriformes","Passeridae","Passer",1,33,156,"Passer_hispaniolensis","yes"
"6344","Passer hispaniolensis","GRW11_Passer hispaniolensis","GRW11","Passeriformes","Passeridae","Passer",1,7,133,"Passer_hispaniolensis","yes"
"6354","Passer luteus","SGS1_Passer luteus","SGS1","Passeriformes","Passeridae","Passer",1,NA,NA,"Passer_luteus","yes"
"6359","Passer melanurus","SGS1_Passer melanurus","SGS1","Passeriformes","Passeridae","Passer",1,2,19,"Passer_melanurus","yes"
"6362","Passer montanus","GRW04_Passer montanus","GRW04","Passeriformes","Passeridae","Passer",1,3,35,"Passer_montanus","yes"
"6365","Passer montanus","GRW11_Passer montanus","GRW11","Passeriformes","Passeridae","Passer",1,21,183,"Passer_montanus","yes"
"6367","Passer montanus","SGS1_Passer montanus","SGS1","Passeriformes","Passeridae","Passer",1,82,257,"Passer_montanus","yes"
"6378","Passer rufocinctus","SGS1_Passer rufocinctus","SGS1","Passeriformes","Passeridae","Passer",1,2,16,"Passer_rufocinctus","yes"
"6453","Perdix perdix","SGS1_Perdix perdix","SGS1","Galliformes","Phasianidae","Perdix",1,6,50,"Perdix_perdix","yes"
"6467","Periparus ater","SGS1_Periparus ater","SGS1","Passeriformes","Paridae","Periparus",1,38,167,"Parus_ater","no"
"6470","Periparus ater","GRW11_Periparus ater","GRW11","Passeriformes","Paridae","Periparus",1,4,36,"Parus_ater","no"
"6494","Petrochelidon pyrrhonota","GRW04_Petrochelidon pyrrhonota","GRW04","Passeriformes","Hirundinidae","Petrochelidon",1,1,20,"Petrochelidon_pyrrhonota","yes"
"6590","Philepitta castanea","GRW04_Philepitta castanea","GRW04","Passeriformes","Philepittidae","Philepitta",1,NA,NA,"Philepitta_castanea","yes"
"6599","Philomachus pugnax","GRW11_Philomachus pugnax","GRW11","Charadriiformes","Scolopacidae","Philomachus",1,1,71,"Philomachus_pugnax","yes"
"6629","Phleocryptes melanops","SGS1_Phleocryptes melanops","SGS1","Passeriformes","Furnariidae","Phleocryptes",1,1,6,"Phleocryptes_melanops","yes"
"6636","Phoenicopterus roseus","GRW11_Phoenicopterus roseus","GRW11","Phoenicopteriformes","Phoenicopteridae","Phoenicopterus",1,3,88,NA,NA
"6637","Phoenicopterus roseus","SGS1_Phoenicopterus roseus","SGS1","Phoenicopteriformes","Phoenicopteridae","Phoenicopterus",1,24,88,NA,NA
"6642","Phoenicurus moussieri","SGS1_Phoenicurus moussieri","SGS1","Passeriformes","Muscicapidae","Phoenicurus",1,8,16,"Phoenicurus_moussieri","yes"
"6643","Phoenicurus ochruros","SGS1_Phoenicurus ochruros","SGS1","Passeriformes","Muscicapidae","Phoenicurus",1,11,34,"Phoenicurus_ochruros","yes"
"6644","Phoenicurus ochruros","GRW11_Phoenicurus ochruros","GRW11","Passeriformes","Muscicapidae","Phoenicurus",1,2,27,"Phoenicurus_ochruros","yes"
"6649","Phoenicurus phoenicurus","SGS1_Phoenicurus phoenicurus","SGS1","Passeriformes","Muscicapidae","Phoenicurus",1,4,16,"Phoenicurus_phoenicurus","yes"
"6659","Phoenicurus phoenicurus","GRW04_Phoenicurus phoenicurus","GRW04","Passeriformes","Muscicapidae","Phoenicurus",1,1,4,"Phoenicurus_phoenicurus","yes"
"6752","Phylloscopus collybita","PHCOL01_Phylloscopus collybita","PHCOL01","Passeriformes","Sylviidae","Phylloscopus",1,1,23,"Phylloscopus_collybita","yes"
"6834","Phylloscopus trochilus","SGS1_Phylloscopus trochilus","SGS1","Passeriformes","Sylviidae","Phylloscopus",1,1,108,"Phylloscopus_trochilus","yes"
"6866","Pica pica","SGS1_Pica pica","SGS1","Passeriformes","Corvidae","Pica",1,3,6,"Pica_pica","yes"
"7053","Ploceus capensis","SGS1_Ploceus capensis","SGS1","Passeriformes","Ploceidae","Ploceus",1,1,208,"Ploceus_capensis","yes"
"7096","Ploceus melanocephalus","SGS1_Ploceus melanocephalus","SGS1","Passeriformes","Ploceidae","Ploceus",1,5,65,"Ploceus_melanocephalus","yes"
"7103","Ploceus nelicourvi","GRW04_Ploceus nelicourvi","GRW04","Passeriformes","Ploceidae","Ploceus",1,NA,NA,"Ploceus_nelicourvi","yes"
"7163","Ploceus velatus","SGS1_Ploceus velatus","SGS1","Passeriformes","Ploceidae","Ploceus",1,1,135,"Ploceus_velatus","yes"
"7171","Ploceus velatus","LZFUS01_Ploceus velatus","LZFUS01","Passeriformes","Ploceidae","Ploceus",1,1,8,"Ploceus_velatus","yes"
"7206","Poecile atricapilla","SGS1_Poecile atricapilla","SGS1","Passeriformes","Paridae","Poecile",1,1,134,"Parus_atricapillus","no"
"7229","Poecile gambeli","SGS1_Poecile gambeli","SGS1","Passeriformes","Paridae","Poecile",1,2,101,"Parus_gambeli","no"
"7261","Poecile montanus","SGS1_Poecile montanus","SGS1","Passeriformes","Paridae","Poecile",1,5,40,"Parus_montanus","no"
"7281","Poecile varius","SGS1_Poecile varius","SGS1","Passeriformes","Paridae","Poecile",1,NA,NA,"Parus_varius","no"
"7381","Prinia socialis","GRW04_Prinia socialis","GRW04","Passeriformes","Cisticolidae","Prinia",1,1,22,"Prinia_socialis","yes"
"7392","Promerops cafer","GRW04_Promerops cafer","GRW04","Passeriformes","Nectariniidae","Promerops",1,1,83,"Promerops_cafer","yes"
"7403","Prunella modularis","SGS1_Prunella modularis","SGS1","Passeriformes","Passeridae","Prunella",1,6,107,"Prunella_modularis","yes"
"7406","Prunella modularis","GRW11_Prunella modularis","GRW11","Passeriformes","Passeridae","Prunella",1,1,59,"Prunella_modularis","yes"
"7446","Pseudobias wardi","GRW04_Pseudobias wardi","GRW04","Passeriformes","Platysteiridae","Pseudobias",1,NA,NA,"Pseudobias_wardi","yes"
"7496","Pycnonotus barbatus","LZFUS01_Pycnonotus barbatus","LZFUS01","Passeriformes","Pycnonotidae","Pycnonotus",1,1,12,"Pycnonotus_barbatus","yes"
"7525","Pycnonotus capensis","GRW11_Pycnonotus capensis","GRW11","Passeriformes","Pycnonotidae","Pycnonotus",1,3,30,"Pycnonotus_capensis","yes"
"7526","Pycnonotus capensis","SGS1_Pycnonotus capensis","SGS1","Passeriformes","Pycnonotidae","Pycnonotus",1,4,30,"Pycnonotus_capensis","yes"
"7581","Pyrrhula pyrrhula","SGS1_Pyrrhula pyrrhula","SGS1","Passeriformes","Fringillidae","Pyrrhula",1,2,4,"Pyrrhula_pyrrhula","yes"
"7591","Pyrrhula pyrrhula","GRW11_Pyrrhula pyrrhula","GRW11","Passeriformes","Fringillidae","Pyrrhula",1,2,39,"Pyrrhula_pyrrhula","yes"
"7600","Pytilia melba","SGS1_Pytilia melba","SGS1","Passeriformes","Estrildidae","Pytilia",1,NA,NA,"Pytilia_melba","yes"
"7642","Quelea quelea","GRW04_Quelea quelea","GRW04","Passeriformes","Ploceidae","Quelea",1,NA,NA,"Quelea_quelea","yes"
"7737","Riparia riparia","SGS1_Riparia riparia","SGS1","Passeriformes","Hirundinidae","Riparia",1,2,210,"Riparia_riparia","yes"
"7788","Saxicola maura","SGS1_Saxicola maura","SGS1","Passeriformes","Turdidae","Saxicola",1,1,1,"Saxicola_torquatus","no"
"7800","Saxicola rubetra","SGS1_Saxicola rubetra","SGS1","Passeriformes","Turdidae","Saxicola",1,2,40,"Saxicola_rubetra","yes"
"7804","Saxicola rubetra","GRW11_Saxicola rubetra","GRW11","Passeriformes","Turdidae","Saxicola",1,1,3,"Saxicola_rubetra","yes"
"7813","Saxicola torquata","GRW04_Saxicola torquata","GRW04","Passeriformes","Turdidae","Saxicola",1,NA,NA,"Saxicola_torquatus","no"
"7817","Sayornis nigricans","SGS1_Sayornis nigricans","SGS1","Passeriformes","Tyrannidae","Sayornis",1,2,7,"Sayornis_nigricans","yes"
"7906","Serinus canaria","SGS1_Serinus canaria","SGS1","Passeriformes","Fringillidae","Serinus",1,NA,NA,"Serinus_canaria","yes"
"7919","Serinus serinus","SGS1_Serinus serinus","SGS1","Passeriformes","Fringillidae","Serinus",1,6,45,"Serinus_serinus","yes"
"7938","Serpophaga cinerea","SGS1_Serpophaga cinerea","SGS1","Passeriformes","Tyrannidae","Serpophaga",1,3,16,"Serpophaga_cinerea","yes"
"8040","Sitta europaea","GRW11_Sitta europaea","GRW11","Passeriformes","Sittidae","Sitta",1,1,5,"Sitta_europaea","yes"
"8044","Sitta europaea","SGS1_Sitta europaea","SGS1","Passeriformes","Sittidae","Sitta",1,6,19,"Sitta_europaea","yes"
"8070","Somateria mollissima","SGS1_Somateria mollissima","SGS1","Anseriformes","Anatidae","Somateria",1,1,1,NA,NA
"8075","Spheniscus demersus","SGS1_Spheniscus demersus","SGS1","Sphenisciformes","Spheniscidae","Spheniscus",1,1,24,"Spheniscus_demersus","yes"
"8078","Spheniscus demersus","GRW11_Spheniscus demersus","GRW11","Sphenisciformes","Spheniscidae","Spheniscus",1,1,24,"Spheniscus_demersus","yes"
"8082","Spheniscus humboldti","SGS1_Spheniscus humboldti","SGS1","Sphenisciformes","Spheniscidae","Spheniscus",1,NA,NA,"Spheniscus_humboldti","yes"
"8088","Spheniscus humboldti","GRW04_Spheniscus humboldti","GRW04","Sphenisciformes","Spheniscidae","Spheniscus",1,NA,NA,"Spheniscus_humboldti","yes"
"8164","Stachyris pyrrhops","GRW04_Stachyris pyrrhops","GRW04","Passeriformes","Timaliidae","Stachyris",1,NA,NA,"Stachyris_pyrrhops","yes"
"8282","Sturnus cineraceus","SGS1_Sturnus cineraceus","SGS1","Passeriformes","Sturnidae","Sturnus",1,2,36,NA,NA
"8295","Sturnus tristis","SGS1_Sturnus tristis","SGS1","Passeriformes","Sturnidae","Sturnus",1,NA,NA,"Acridotheres_tristis","no"
"8297","Sturnus tristis","GRW04_Sturnus tristis","GRW04","Passeriformes","Sturnidae","Sturnus",1,3,234,"Acridotheres_tristis","no"
"8299","Sturnus unicolor","SGS1_Sturnus unicolor","SGS1","Passeriformes","Sturnidae","Sturnus",1,1,180,"Sturnus_unicolor","yes"
"8307","Sturnus vulgaris","GRW04_Sturnus vulgaris","GRW04","Passeriformes","Sturnidae","Sturnus",1,NA,NA,"Sturnus_vulgaris","yes"
"8340","Sylvia atricapilla","SGS1_Sylvia atricapilla","SGS1","Passeriformes","Sylviidae","Sylvia",1,46,1515,"Sylvia_atricapilla","yes"
"8343","Sylvia atricapilla","GRW11_Sylvia atricapilla","GRW11","Passeriformes","Sylviidae","Sylvia",1,2,896,"Sylvia_atricapilla","yes"
"8411","Sylvia borin","GRW11_Sylvia borin","GRW11","Passeriformes","Sylviidae","Sylvia",1,4,252,"Sylvia_borin","yes"
"8447","Sylvia borin","SGS1_Sylvia borin","SGS1","Passeriformes","Sylviidae","Sylvia",1,32,643,"Sylvia_borin","yes"
"8453","Sylvia cantillans","GRW11_Sylvia cantillans","GRW11","Passeriformes","Sylviidae","Sylvia",1,1,2,"Sylvia_cantillans","yes"
"8467","Sylvia communis","SGS1_Sylvia communis","SGS1","Passeriformes","Sylviidae","Sylvia",1,11,103,"Sylvia_communis","yes"
"8479","Sylvia communis","GRW11_Sylvia communis","GRW11","Passeriformes","Sylviidae","Sylvia",1,3,28,"Sylvia_communis","yes"
"8486","Sylvia conspicillata","GRW11_Sylvia conspicillata","GRW11","Passeriformes","Sylviidae","Sylvia",1,1,54,"Sylvia_conspicillata","yes"
"8507","Sylvia curruca","GRW11_Sylvia curruca","GRW11","Passeriformes","Sylviidae","Sylvia",1,5,33,"Sylvia_curruca","yes"
"8519","Sylvia curruca","SGS1_Sylvia curruca","SGS1","Passeriformes","Sylviidae","Sylvia",1,3,36,"Sylvia_curruca","yes"
"8524","Sylvia deserticola","SGS1_Sylvia deserticola","SGS1","Passeriformes","Sylviidae","Sylvia",1,2,7,"Sylvia_deserticola","yes"
"8541","Sylvia melanocephala","SGS1_Sylvia melanocephala","SGS1","Passeriformes","Sylviidae","Sylvia",1,29,127,"Sylvia_melanocephala","yes"
"8544","Sylvia melanocephala","GRW11_Sylvia melanocephala","GRW11","Passeriformes","Sylviidae","Sylvia",1,NA,NA,"Sylvia_melanocephala","yes"
"8547","Sylvia nisoria","SGS1_Sylvia nisoria","SGS1","Passeriformes","Sylviidae","Sylvia",1,2,6,"Sylvia_nisoria","yes"
"8551","Sylvia nisoria","GRW11_Sylvia nisoria","GRW11","Passeriformes","Sylviidae","Sylvia",1,2,2,"Sylvia_nisoria","yes"
"8553","Sylvia undata","SGS1_Sylvia undata","SGS1","Passeriformes","Sylviidae","Sylvia",1,2,2,"Sylvia_undata","yes"
"8599","Tachycineta bicolor","SGS1_Tachycineta bicolor","SGS1","Passeriformes","Hirundinidae","Tachycineta",1,1,1562,"Tachycineta_bicolor","yes"
"8769","Tetrao urogallus","SGS1_Tetrao urogallus","SGS1","Galliformes","Phasianidae","Tetrao",1,1,1,"Tetrao_urogallus","yes"
"8968","Tragopan temminckii","SGS1_Tragopan temminckii","SGS1","Galliformes","Phasianidae","Tragopan",1,NA,NA,"Tragopan_temminckii","yes"
"9025","Troglodytes aedon","SGS1_Troglodytes aedon","SGS1","Passeriformes","Certhiidae","Troglodytes",1,1,3,"Troglodytes_aedon","yes"
"9076","Troglodytes troglodytes","GRW11_Troglodytes troglodytes","GRW11","Passeriformes","Certhiidae","Troglodytes",1,4,37,"Troglodytes_troglodytes","yes"
"9083","Troglodytes troglodytes","SGS1_Troglodytes troglodytes","SGS1","Passeriformes","Certhiidae","Troglodytes",1,14,90,"Troglodytes_troglodytes","yes"
"9283","Turdus merula","SGS1_Turdus merula","SGS1","Passeriformes","Turdidae","Turdus",1,1,73,"Turdus_merula","yes"
"9293","Turdus merula","GRW04_Turdus merula","GRW04","Passeriformes","Turdidae","Turdus",1,1,8,"Turdus_merula","yes"
"9455","Turdus viscivorus","SGS1_Turdus viscivorus","SGS1","Passeriformes","Turdidae","Turdus",1,2,6,"Turdus_viscivorus","yes"
"9468","Tylas eduardi","GRW04_Tylas eduardi","GRW04","Passeriformes","Vangidae","Tylas",1,NA,NA,"Tylas_eduardi","yes"
"9545","Vestiaria coccinea","GRW04_Vestiaria coccinea","GRW04","Passeriformes","Fringillidae","Vestiaria",1,NA,NA,"Vestiaria_coccinea","yes"
"9692","Xanthomixis cinereiceps","GRW04_Xanthomixis cinereiceps","GRW04","Passeriformes","Pycnonotidae","Xanthomixis",1,NA,NA,"Bernieria_cinereiceps","no"
"9698","Xanthomixis zosterops","GRW04_Xanthomixis zosterops","GRW04","Passeriformes","Pycnonotidae","Xanthomixis",1,NA,NA,"Bernieria_zosterops","no"
"9726","Xenospingus concolor","GRW04_Xenospingus concolor","GRW04","Passeriformes","Thraupidae","Xenospingus",1,1,142,NA,NA
"9866","Zonotrichia capensis","GRW04_Zonotrichia capensis","GRW04","Passeriformes","Fringillidae","Zonotrichia",1,2,154,"Zonotrichia_capensis","yes"
"9876","Zonotrichia capensis","SGS1_Zonotrichia capensis","SGS1","Passeriformes","Fringillidae","Zonotrichia",1,2,23,"Zonotrichia_capensis","yes"
"9946","Zosterops borbonicus","GRW04_Zosterops borbonicus","GRW04","Passeriformes","Zosteropidae","Zosterops",1,NA,NA,"Zosterops_borbonicus","yes"
"9967","Zosterops capensis","GRW04_Zosterops capensis","GRW04","Passeriformes","Zosteropidae","Zosterops",1,6,69,"Zosterops_pallidus","no"
"9968","Zosterops chloronothos","GRW04_Zosterops chloronothos","GRW04","Passeriformes","Zosteropidae","Zosterops",1,NA,NA,"Zosterops_chloronothus","no"
"9989","Zosterops japonicus","GRW04_Zosterops japonicus","GRW04","Passeriformes","Zosteropidae","Zosterops",1,2,140,"Zosterops_japonicus","yes"
"10013","Zosterops lateralis","GRW04_Zosterops lateralis","GRW04","Passeriformes","Zosteropidae","Zosterops",1,NA,NA,"Zosterops_lateralis","yes"
"10023","Zosterops maderaspatanus","GRW04_Zosterops maderaspatanus","GRW04","Passeriformes","Zosteropidae","Zosterops",1,2,9,"Zosterops_maderaspatanus","yes"
"10037","Zosterops mayottensis","GRW04_Zosterops mayottensis","GRW04","Passeriformes","Zosteropidae","Zosterops",1,NA,NA,"Zosterops_mayottensis","yes"
"10044","Zosterops mouroniensis","GRW04_Zosterops mouroniensis","GRW04","Passeriformes","Zosteropidae","Zosterops",1,NA,NA,"Zosterops_mouroniensis","yes"
